school,band_name,city,state,event,year,source_url,_source,exclusion_reason
Celtic Irish Dance Academy,,,,Hollywood,2018,https://thehollywoodchristmasparade.org/category/2018-marching-band-and-pageantry/,hollywood,community band
Marine Band San Diego,Marine Band San Diego,,,Hollywood,2018,https://thehollywoodchristmasparade.org/category/2018-marching-band-and-pageantry/,hollywood,military band
Los Angeles Catholic Schools Band,Los Angeles Catholic Schools Band,,,Hollywood,2018,https://thehollywoodchristmasparade.org/category/2018-marching-band-and-pageantry/,hollywood,all-star/honor/all-district band
Marine Band San Diego,Marine Band San Diego,,,Hollywood,2019,https://thehollywoodchristmasparade.org/category/2019-marching-band-and-pageantry/,hollywood,military band
Los Angeles Catholic Schools Band (LACSB),Los Angeles Catholic Schools Band (LACSB),,,Hollywood,2019,https://thehollywoodchristmasparade.org/category/2019-marching-band-and-pageantry/,hollywood,all-star/honor/all-district band
PAVA World Korean Traditional Band,PAVA World Korean Traditional Band,,,Hollywood,2019,https://thehollywoodchristmasparade.org/category/2019-marching-band-and-pageantry/,hollywood,all-star/honor/all-district band
Gadsden Elementary School,Gadsden Elementary School District #32 Marching Band,,,Hollywood,2019,https://thehollywoodchristmasparade.org/category/2019-marching-band-and-pageantry/,hollywood,elementary/primary school
Gevorkian Dance Academy,,,,Hollywood,2021,https://thehollywoodchristmasparade.org/category/2021-marching-band-and-pageantry/,hollywood,community band
The Los Angeles Catholic Schools Band (LACSB),The Los Angeles Catholic Schools Band (LACSB),,,Hollywood,2021,https://thehollywoodchristmasparade.org/category/2021-marching-band-and-pageantry/,hollywood,all-star/honor/all-district band
PAVA Korean Traditional Band,PAVA Korean Traditional Band,,,Hollywood,2021,https://thehollywoodchristmasparade.org/category/2021-marching-band-and-pageantry/,hollywood,all-star/honor/all-district band
Los Angeles Catholic Schools Band,Los Angeles Catholic Schools Band,,,Hollywood,2022,https://thehollywoodchristmasparade.org/category/2022-marching-band-and-pageantry/,hollywood,all-star/honor/all-district band
PUSD All-Star Band,PUSD All-Star Band,,,Hollywood,2022,https://thehollywoodchristmasparade.org/category/2022-marching-band-and-pageantry/,hollywood,all-star/honor/all-district band
Gadsden Elementary School,Gadsden Elementary School District,,,Hollywood,2022,https://thehollywoodchristmasparade.org/category/2022-marching-band-and-pageantry/,hollywood,elementary/primary school
Marine Band San Diego,Marine Band San Diego,,,Hollywood,2023,https://thehollywoodchristmasparade.org/category/2023-marching-bands-pageantry-and-dance-groups/,hollywood,military band
Los Angeles Catholic Schools Band,Los Angeles Catholic Schools Band,,,Hollywood,2023,https://thehollywoodchristmasparade.org/category/2023-marching-bands-pageantry-and-dance-groups/,hollywood,all-star/honor/all-district band
Pasadena Unified School,Pasadena Unified School District All Star Band,,,Hollywood,2024,https://thehollywoodchristmasparade.org/category/2024-marching-bands-dance-cheer-groups/,hollywood,all-star/honor/all-district band
San Marino Dance Academy,,,,Hollywood,2025,https://thehollywoodchristmasparade.org/category/2025-marching-bands-dance-cheer-groups/,hollywood,community band
Gevorkian Dance Academy,,,,Hollywood,2025,https://thehollywoodchristmasparade.org/category/2025-marching-bands-dance-cheer-groups/,hollywood,community band
Muévete Dance Academy,,,,Hollywood,2025,https://thehollywoodchristmasparade.org/category/2025-marching-bands-dance-cheer-groups/,hollywood,community band
Tournament of Bands All-Star Marching Band,,,,Philadelphia,2015,https://en.wikipedia.org/wiki/6abc_Dunkin%27_Thanksgiving_Day_Parade,philly,all-star/honor/all-district band
Combined bands of Midland Valley and Silver Bluff High Schools,,Granitville,SC,Philadelphia,2015,https://en.wikipedia.org/wiki/6abc_Dunkin%27_Thanksgiving_Day_Parade,philly,all-star/honor/all-district band
Kutztown University Marching Unit,,Kutztown,PA,Philadelphia,2015,https://en.wikipedia.org/wiki/6abc_Dunkin%27_Thanksgiving_Day_Parade,philly,college/university
Heights Youth Club and Marching Band,,,,Philadelphia,2015,https://en.wikipedia.org/wiki/6abc_Dunkin%27_Thanksgiving_Day_Parade,philly,community band
Baldwin County All-Star Band,,Baldwin County,AL,Philadelphia,2016,https://en.wikipedia.org/wiki/6abc_Dunkin%27_Thanksgiving_Day_Parade,philly,all-star/honor/all-district band
Tournament of Bands All Star Marching Band,,,,Philadelphia,2016,https://en.wikipedia.org/wiki/6abc_Dunkin%27_Thanksgiving_Day_Parade,philly,all-star/honor/all-district band
University of Delaware Band,,Newark,DE,Philadelphia,2018,https://en.wikipedia.org/wiki/6abc_Dunkin%27_Thanksgiving_Day_Parade,philly,college/university
Tournament of Bands All Star Marching Band,,,,Philadelphia,2018,https://en.wikipedia.org/wiki/6abc_Dunkin%27_Thanksgiving_Day_Parade,philly,all-star/honor/all-district band
Scotland County High School,Scotland County High School Band,Laurinburg,NC,Philadelphia,2018,https://en.wikipedia.org/wiki/6abc_Dunkin%27_Thanksgiving_Day_Parade,philly,non-US group
Wyoming All-State Band,,,WY,Philadelphia,2018,https://en.wikipedia.org/wiki/6abc_Dunkin%27_Thanksgiving_Day_Parade,philly,all-star/honor/all-district band
Tournament of Bands All Star Marching Band,,,,Philadelphia,2019,https://en.wikipedia.org/wiki/6abc_Dunkin%27_Thanksgiving_Day_Parade,philly,all-star/honor/all-district band
University of New Hampshire Marching Band,,Durham,NH,Philadelphia,2019,https://en.wikipedia.org/wiki/6abc_Dunkin%27_Thanksgiving_Day_Parade,philly,college/university
West Chester University Golden Rams Marching Band,,West Chester,PA,Philadelphia,2019,https://en.wikipedia.org/wiki/6abc_Dunkin%27_Thanksgiving_Day_Parade,philly,college/university
Cavalcade of Bands Honor Band,,Harrisburg,PA,Rose,2015,https://en.wikipedia.org/wiki/Rose_Parade_marching_bands,wikipedia_rose,all-star/honor/all-district band
"Escuela Secundaria General #5, Manuel R. Gutierrez","Banda Musical Delfines, Veracruz, Mexico",,,Rose,2015,https://en.wikipedia.org/wiki/Rose_Parade_marching_bands,wikipedia_rose,non-US group
Florida State University Marching Chiefs,,Tallahassee,FL,Rose,2015,https://en.wikipedia.org/wiki/Rose_Parade_marching_bands,wikipedia_rose,college/university
Helsingor Pipegarde,"Elsinore Girls Marching Band, Denmark",,,Rose,2015,https://en.wikipedia.org/wiki/Rose_Parade_marching_bands,wikipedia_rose,non-US group
"Koriyama Honor Green Band, Koriyama, Japan",,,,Rose,2015,https://en.wikipedia.org/wiki/Rose_Parade_marching_bands,wikipedia_rose,non-US group
LAUSD All District High School,Honor Band,Los Angeles,CA,Rose,2015,https://en.wikipedia.org/wiki/Rose_Parade_marching_bands,wikipedia_rose,all-star/honor/all-district band
University of Oregon Marching Band,,Eugene,OR,Rose,2015,https://en.wikipedia.org/wiki/Rose_Parade_marching_bands,wikipedia_rose,college/university
Pasadena City College Tournament of Roses Honor Band and Herald Trumpets,,Pasadena,CA,Rose,2015,https://en.wikipedia.org/wiki/Rose_Parade_marching_bands,wikipedia_rose,all-star/honor/all-district band
The Salvation Army Tournament of Roses Band,,Los Angeles,CA,Rose,2015,https://en.wikipedia.org/wiki/Rose_Parade_marching_bands,wikipedia_rose,community band
United States Marine Corps West Coast Composite Band,,,,Rose,2015,https://en.wikipedia.org/wiki/Rose_Parade_marching_bands,wikipedia_rose,military band
Albany State University Marching Rams,,Albany,GA,Rose,2016,https://en.wikipedia.org/wiki/Rose_Parade_marching_bands,wikipedia_rose,college/university
"Centro Escolar José Maria Morelos y Pavón, Aguilas Doradas Marching Band, Puebla, Mexico",,,,Rose,2016,https://en.wikipedia.org/wiki/Rose_Parade_marching_bands,wikipedia_rose,non-US group
University of Iowa Hawkeye Marching Band,,Iowa City,IA,Rose,2016,https://en.wikipedia.org/wiki/Rose_Parade_marching_bands,wikipedia_rose,college/university
"Instituto Pedro Molina, Latin Band Pedro Molina, Coatepeque, Guatemala",,,,Rose,2016,https://en.wikipedia.org/wiki/Rose_Parade_marching_bands,wikipedia_rose,non-US group
LAUSD All District High School,Honor Band,Los Angeles,CA,Rose,2016,https://en.wikipedia.org/wiki/Rose_Parade_marching_bands,wikipedia_rose,all-star/honor/all-district band
Pasadena City College Tournament of Roses Honor Band and Herald Trumpets,,Pasadena,CA,Rose,2016,https://en.wikipedia.org/wiki/Rose_Parade_marching_bands,wikipedia_rose,all-star/honor/all-district band
The Salvation Army Tournament of Roses Band,,Los Angeles,CA,Rose,2016,https://en.wikipedia.org/wiki/Rose_Parade_marching_bands,wikipedia_rose,community band
Leland Stanford Junior University Marching Band,,Stanford,CA,Rose,2016,https://en.wikipedia.org/wiki/Rose_Parade_marching_bands,wikipedia_rose,college/university
Toho High School,"Dragon Band, Nagoya, Japan",,,Rose,2016,https://en.wikipedia.org/wiki/Rose_Parade_marching_bands,wikipedia_rose,non-US group
United States Marine Corps West Coast Composite Band,,San Diego,CA,Rose,2016,https://en.wikipedia.org/wiki/Rose_Parade_marching_bands,wikipedia_rose,military band
Virginia Military Institute Regimental Band and Pipe Band,,Lexington,VA,Rose,2016,https://en.wikipedia.org/wiki/Rose_Parade_marching_bands,wikipedia_rose,military band
Wyoming All-State Marching Band,,Cheyenne,WY,Rose,2016,https://en.wikipedia.org/wiki/Rose_Parade_marching_bands,wikipedia_rose,all-star/honor/all-district band
"Bands of America Honor Band, USA",,,,Rose,2017,https://en.wikipedia.org/wiki/Rose_Parade_marching_bands,wikipedia_rose,all-star/honor/all-district band
"Buhos Marching Band, Xalapa, Veracruz, Mexico",,,,Rose,2017,https://en.wikipedia.org/wiki/Rose_Parade_marching_bands,wikipedia_rose,non-US group
"Gifusho Green Band, Gifu, Japan",,,,Rose,2017,https://en.wikipedia.org/wiki/Rose_Parade_marching_bands,wikipedia_rose,non-US group
LAUSD All District High School,Honor Band,Los Angeles,CA,Rose,2017,https://en.wikipedia.org/wiki/Rose_Parade_marching_bands,wikipedia_rose,all-star/honor/all-district band
Pasadena City College Tournament of Roses Honor Band and Herald Trumpets,,Pasadena,CA,Rose,2017,https://en.wikipedia.org/wiki/Rose_Parade_marching_bands,wikipedia_rose,all-star/honor/all-district band
Penn State University Marching Blue Band,,State College,PA,Rose,2017,https://en.wikipedia.org/wiki/Rose_Parade_marching_bands,wikipedia_rose,college/university
The Salvation Army Tournament of Roses Band,,Los Angeles,CA,Rose,2017,https://en.wikipedia.org/wiki/Rose_Parade_marching_bands,wikipedia_rose,community band
Santa Clara Vanguard Drum and Bugle Corps,,Santa Clara,CA,Rose,2017,https://en.wikipedia.org/wiki/Rose_Parade_marching_bands,wikipedia_rose,drum corps
"United States Marine Corps, West Coast Composite Band",,San Diego,CA,Rose,2017,https://en.wikipedia.org/wiki/Rose_Parade_marching_bands,wikipedia_rose,military band
United States Air Force Band,,Washington,DC,Rose,2017,https://en.wikipedia.org/wiki/Rose_Parade_marching_bands,wikipedia_rose,military band
University of Southern California Trojan Marching Band,,Los Angeles,CA,Rose,2017,https://en.wikipedia.org/wiki/Rose_Parade_marching_bands,wikipedia_rose,college/university
"Australia's Marching Koalas, Dangar, New South Wales, Australia",,,,Rose,2018,https://en.wikipedia.org/wiki/Rose_Parade_marching_bands,wikipedia_rose,non-US group
Banda De Música Herberto López,"Colegio José Daniel Crespo, Chitré, Herrera, Panama",,,Rose,2018,https://en.wikipedia.org/wiki/Rose_Parade_marching_bands,wikipedia_rose,non-US group
"Burlington Teen Tour Band, Burlington, Ontario, Canada",,,,Rose,2018,https://en.wikipedia.org/wiki/Rose_Parade_marching_bands,wikipedia_rose,non-US group
Georgia Redcoat Marching Band,,Athens,GA,Rose,2018,https://en.wikipedia.org/wiki/Rose_Parade_marching_bands,wikipedia_rose,college/university
Kyoto Tachibana High School,"Kyoto Tachibana High School Green Band, Kyoto, Japan",,,Rose,2018,https://en.wikipedia.org/wiki/Rose_Parade_marching_bands,wikipedia_rose,non-US group
LAUSD All District High School,Honor Band,Los Angeles,CA,Rose,2018,https://en.wikipedia.org/wiki/Rose_Parade_marching_bands,wikipedia_rose,all-star/honor/all-district band
Pasadena City College Tournament of Roses Honor Band & Herald Trumpets,,Pasadena,CA,Rose,2018,https://en.wikipedia.org/wiki/Rose_Parade_marching_bands,wikipedia_rose,all-star/honor/all-district band
The Pride of Oklahoma Marching Band,,Norman,OK,Rose,2018,https://en.wikipedia.org/wiki/Rose_Parade_marching_bands,wikipedia_rose,college/university
The Salvation Army Tournament of Roses Band,,Los Angeles,CA,Rose,2018,https://en.wikipedia.org/wiki/Rose_Parade_marching_bands,wikipedia_rose,community band
"""The Commandant's Own"" The United States Marine Drum & Bugle Corps",,Washington,DC,Rose,2018,https://en.wikipedia.org/wiki/Rose_Parade_marching_bands,wikipedia_rose,drum corps
"United States Marine Corps West Coast Composite Band, MCAS Miramar, MCRD San Diego and",,Camp Pendleton,CA,Rose,2018,https://en.wikipedia.org/wiki/Rose_Parade_marching_bands,wikipedia_rose,military band
University of Massachusetts Minuteman Marching Band,,University of Massachusetts Minuteman Marching Band,MA,Rose,2018,https://en.wikipedia.org/wiki/Rose_Parade_marching_bands,wikipedia_rose,college/university
Alabama State University Mighty Marching Hornets,,Montgomery,AL,Rose,2019,https://en.wikipedia.org/wiki/Rose_Parade_marching_bands,wikipedia_rose,college/university
"All-Izumo Honor Green Band, Izumo, Japan",,,,Rose,2019,https://en.wikipedia.org/wiki/Rose_Parade_marching_bands,wikipedia_rose,non-US group
"Banda Municipal de Acosta, Acosta, San José, Costa Rica",,,,Rose,2019,https://en.wikipedia.org/wiki/Rose_Parade_marching_bands,wikipedia_rose,all-star/honor/all-district band
"Calgary Stampede Showband, Calgary, Alberta, Canada",,,,Rose,2019,https://en.wikipedia.org/wiki/Rose_Parade_marching_bands,wikipedia_rose,non-US group
"Cavalcade of Bands Honor Band, Mid-Atlantic Region",,,,Rose,2019,https://en.wikipedia.org/wiki/Rose_Parade_marching_bands,wikipedia_rose,all-star/honor/all-district band
"Florida A&M University, The Incomparable Marching ""100""",,Tallahassee,FL,Rose,2019,https://en.wikipedia.org/wiki/Rose_Parade_marching_bands,wikipedia_rose,college/university
Los Angeles Unified School,All District High School Honor Band,Los Angeles,CA,Rose,2019,https://en.wikipedia.org/wiki/Rose_Parade_marching_bands,wikipedia_rose,all-star/honor/all-district band
Na Koa Ali'I,Hawai'i All-State Marching Band,Kaneohe,HI,Rose,2019,https://en.wikipedia.org/wiki/Rose_Parade_marching_bands,wikipedia_rose,all-star/honor/all-district band
The Ohio State University Marching Band,,Columbus,OH,Rose,2019,https://en.wikipedia.org/wiki/Rose_Parade_marching_bands,wikipedia_rose,college/university
Pacific Crest Drum and Bugle Corps,,Diamond Bar,CA,Rose,2019,https://en.wikipedia.org/wiki/Rose_Parade_marching_bands,wikipedia_rose,drum corps
Pasadena City College Tournament of Roses Honor Band & Herald Trumpets,,Pasadena,CA,Rose,2019,https://en.wikipedia.org/wiki/Rose_Parade_marching_bands,wikipedia_rose,all-star/honor/all-district band
"Royal Swedish Cadet Band, Karlskrona, Sweden",,,,Rose,2019,https://en.wikipedia.org/wiki/Rose_Parade_marching_bands,wikipedia_rose,non-US group
The Salvation Army Tournament of Roses Band,,Long Beach,CA,Rose,2019,https://en.wikipedia.org/wiki/Rose_Parade_marching_bands,wikipedia_rose,community band
United States Marine Corps West Coast Composite Band,,San Diego,CA,Rose,2019,https://en.wikipedia.org/wiki/Rose_Parade_marching_bands,wikipedia_rose,military band
University of Washington Husky Marching Band,,Seattle,WA,Rose,2019,https://en.wikipedia.org/wiki/Rose_Parade_marching_bands,wikipedia_rose,college/university
Banda El Salvador: Grande Como Su Gente,,,,Rose,2020,https://en.wikipedia.org/wiki/Rose_Parade_marching_bands,wikipedia_rose,non-US group
Banda Municipal de Zarcero,,,,Rose,2020,https://en.wikipedia.org/wiki/Rose_Parade_marching_bands,wikipedia_rose,all-star/honor/all-district band
Centenaria Banda Colegial,University of Puerto Rico,Mayaguez,PR,Rose,2020,https://en.wikipedia.org/wiki/Rose_Parade_marching_bands,wikipedia_rose,college/university
Helsingør Pigegarde,,,,Rose,2020,https://en.wikipedia.org/wiki/Rose_Parade_marching_bands,wikipedia_rose,non-US group
Japan Honor Green Band,,,,Rose,2020,https://en.wikipedia.org/wiki/Rose_Parade_marching_bands,wikipedia_rose,non-US group
Los Angeles Unified School,All District High School Honor Band,Los Angeles,CA,Rose,2020,https://en.wikipedia.org/wiki/Rose_Parade_marching_bands,wikipedia_rose,all-star/honor/all-district band
Oregon Marching Band,,Eugene,OR,Rose,2020,https://en.wikipedia.org/wiki/Rose_Parade_marching_bands,wikipedia_rose,college/university
Pasadena City College Tournament of Roses Honor Band & Herald Trumpets,,Pasadena,CA,Rose,2020,https://en.wikipedia.org/wiki/Rose_Parade_marching_bands,wikipedia_rose,all-star/honor/all-district band
The Salvation Army Tournament of Roses Band,,Long Beach,CA,Rose,2020,https://en.wikipedia.org/wiki/Rose_Parade_marching_bands,wikipedia_rose,community band
"Southern University ""Human Jukebox"" Marching Band",,Baton Rouge,LA,Rose,2020,https://en.wikipedia.org/wiki/Rose_Parade_marching_bands,wikipedia_rose,college/university
United States Marine Corps West Coast Composite Band,,San Diego,CA,Rose,2020,https://en.wikipedia.org/wiki/Rose_Parade_marching_bands,wikipedia_rose,military band
University of Wisconsin Marching Band,,Madison,WI,Rose,2020,https://en.wikipedia.org/wiki/Rose_Parade_marching_bands,wikipedia_rose,college/university
"Bands of America Honor Band, Music for All",,Indianapolis,IN,Rose,2022,https://en.wikipedia.org/wiki/Rose_Parade_marching_bands,wikipedia_rose,all-star/honor/all-district band
The Band Directors Marching Band,,Pickerington,OH,Rose,2022,https://en.wikipedia.org/wiki/Rose_Parade_marching_bands,wikipedia_rose,all-star/honor/all-district band
Georgia State University Panther Band,,Atlanta,GA,Rose,2022,https://en.wikipedia.org/wiki/Rose_Parade_marching_bands,wikipedia_rose,college/university
Gibson County Tennessee Mass Band,,Dyer,TN,Rose,2022,https://en.wikipedia.org/wiki/Rose_Parade_marching_bands,wikipedia_rose,all-star/honor/all-district band
Los Angeles Unified School,All District High School Honor Band,Los Angeles,CA,Rose,2022,https://en.wikipedia.org/wiki/Rose_Parade_marching_bands,wikipedia_rose,all-star/honor/all-district band
Ohio State University Marching Band,,Columbus,OH,Rose,2022,https://en.wikipedia.org/wiki/Rose_Parade_marching_bands,wikipedia_rose,college/university
Pasadena City College Tournament of Roses Honor Band & Herald Trumpets,,Pasadena,CA,Rose,2022,https://en.wikipedia.org/wiki/Rose_Parade_marching_bands,wikipedia_rose,all-star/honor/all-district band
The Salvation Army Tournament of Roses Band,,Los Angeles,CA,Rose,2022,https://en.wikipedia.org/wiki/Rose_Parade_marching_bands,wikipedia_rose,community band
Tennessee State University Aristocrat of Bands,,Nashville,TN,Rose,2022,https://en.wikipedia.org/wiki/Rose_Parade_marching_bands,wikipedia_rose,college/university
University of Utah Marching Band,,Salt Lake City,UT,Rose,2022,https://en.wikipedia.org/wiki/Rose_Parade_marching_bands,wikipedia_rose,college/university
United States Marine Corps West Coast Composite Band,,San Diego,CA,Rose,2022,https://en.wikipedia.org/wiki/Rose_Parade_marching_bands,wikipedia_rose,military band
"All Gifu Honor Green Band, Gifu, Japan",,,,Rose,2023,https://en.wikipedia.org/wiki/Rose_Parade_marching_bands,wikipedia_rose,non-US group
"Banda de Musica La Primavera, Santiago de Veraguas, Panama",,,,Rose,2023,https://en.wikipedia.org/wiki/Rose_Parade_marching_bands,wikipedia_rose,non-US group
"Buhos Marching Band, Veracruz, Mexico",,,,Rose,2023,https://en.wikipedia.org/wiki/Rose_Parade_marching_bands,wikipedia_rose,non-US group
Fresno State University Bulldog Marching Band,,Fresno,CA,Rose,2023,https://en.wikipedia.org/wiki/Rose_Parade_marching_bands,wikipedia_rose,college/university
Los Angeles Unified School,All District High School Honor Band,Los Angeles,CA,Rose,2023,https://en.wikipedia.org/wiki/Rose_Parade_marching_bands,wikipedia_rose,all-star/honor/all-district band
Norfolk State University Spartan Legion Marching Band,,Norfolk,VA,Rose,2023,https://en.wikipedia.org/wiki/Rose_Parade_marching_bands,wikipedia_rose,college/university
Pasadena City College Tournament of Roses Honor Band & Herald Trumpets,,Pasadena,CA,Rose,2023,https://en.wikipedia.org/wiki/Rose_Parade_marching_bands,wikipedia_rose,all-star/honor/all-district band
Salvation Army Tournament of Roses Band,,Los Angeles,CA,Rose,2023,https://en.wikipedia.org/wiki/Rose_Parade_marching_bands,wikipedia_rose,community band
Taipei First Girls High School,"Marching Band, Honor Guard and Color Guard, Taipei, Taiwan, Republic of China",,,Rose,2023,https://en.wikipedia.org/wiki/Rose_Parade_marching_bands,wikipedia_rose,non-US group
"Triuggio Marching Band Triuggio, Monza, and Brianza, Italy",,,,Rose,2023,https://en.wikipedia.org/wiki/Rose_Parade_marching_bands,wikipedia_rose,non-US group
United States Marine Corps West Coast Composite Band,,San Diego,CA,Rose,2023,https://en.wikipedia.org/wiki/Rose_Parade_marching_bands,wikipedia_rose,military band
Penn State University Marching Blue Band,,State College,PA,Rose,2023,https://en.wikipedia.org/wiki/Rose_Parade_marching_bands,wikipedia_rose,college/university
University of Utah Marching Band,,Salt Lake City,UT,Rose,2023,https://en.wikipedia.org/wiki/Rose_Parade_marching_bands,wikipedia_rose,college/university
"Banda Municipal de Zarcero, Zarcero, Costa Rica",,,,Rose,2024,https://en.wikipedia.org/wiki/Rose_Parade_marching_bands,wikipedia_rose,all-star/honor/all-district band
North Carolina A&T State University Blue and Gold Marching Machine,,Greensboro,NC,Rose,2024,https://en.wikipedia.org/wiki/Rose_Parade_marching_bands,wikipedia_rose,college/university
Los Angeles Unified School,All District High School Honor Band,Los Angeles,CA,Rose,2024,https://en.wikipedia.org/wiki/Rose_Parade_marching_bands,wikipedia_rose,all-star/honor/all-district band
The University of Alabama Million Dollar Band,,Tuscaloosa,AL,Rose,2024,https://en.wikipedia.org/wiki/Rose_Parade_marching_bands,wikipedia_rose,college/university
The Na Koa Ali'i,Hawaii All State Marching Band,Kailua,HI,Rose,2024,https://en.wikipedia.org/wiki/Rose_Parade_marching_bands,wikipedia_rose,all-star/honor/all-district band
Pasadena City College Tournament of Roses Honor Band & Herald Trumpets,,Pasadena,CA,Rose,2024,https://en.wikipedia.org/wiki/Rose_Parade_marching_bands,wikipedia_rose,all-star/honor/all-district band
Pipes On Parade: The Massed Pipes & Drums,,,,Rose,2024,https://en.wikipedia.org/wiki/Rose_Parade_marching_bands,wikipedia_rose,community band
Salvation Army Tournament of Roses Band,,Los Angeles,CA,Rose,2024,https://en.wikipedia.org/wiki/Rose_Parade_marching_bands,wikipedia_rose,community band
Tōhō High School,"Green Band, Nagoya, Aichi Prefecture, Japan",,,Rose,2024,https://en.wikipedia.org/wiki/Rose_Parade_marching_bands,wikipedia_rose,non-US group
The West Chester University Golden Rams Marching Band,,West Chester,PA,Rose,2024,https://en.wikipedia.org/wiki/Rose_Parade_marching_bands,wikipedia_rose,college/university
United States Marine Corps West Coast Composite Band,,,,Rose,2024,https://en.wikipedia.org/wiki/Rose_Parade_marching_bands,wikipedia_rose,military band
University of Michigan Marching Band,,Ann Arbor,MI,Rose,2024,https://en.wikipedia.org/wiki/Rose_Parade_marching_bands,wikipedia_rose,college/university
"605 All Star Band, featuring Artesia, Bellflower, Cerritos, Gahr, John Glenn, La Mirada, Mayfair, and Norwalk high schools, Southern California",,,,Rose,2025,https://en.wikipedia.org/wiki/Rose_Parade_marching_bands,wikipedia_rose,all-star/honor/all-district band
"All Star Marching Band Mexico, Puebla, Mexico",,,,Rose,2025,https://en.wikipedia.org/wiki/Rose_Parade_marching_bands,wikipedia_rose,all-star/honor/all-district band
"Banda de Música Herberto López Colegio José Daniel Crespo, Herrera, Panama",,,,Rose,2025,https://en.wikipedia.org/wiki/Rose_Parade_marching_bands,wikipedia_rose,non-US group
The Fresno State University Bulldog Marching Band,,Fresno,CA,Rose,2025,https://en.wikipedia.org/wiki/Rose_Parade_marching_bands,wikipedia_rose,college/university
"Helsingør Pigegarde, Helsingør, Denmark",,,,Rose,2025,https://en.wikipedia.org/wiki/Rose_Parade_marching_bands,wikipedia_rose,non-US group
"The Jackson State University "" The Sonic Boom of the South """,,Jackson,MS,Rose,2025,https://en.wikipedia.org/wiki/Rose_Parade_marching_bands,wikipedia_rose,college/university
Kyoto Tachibana High School,"Kyoto Tachibana High School Green Band, Kyoto, Japan",,,Rose,2025,https://en.wikipedia.org/wiki/Rose_Parade_marching_bands,wikipedia_rose,non-US group
Los Angeles Unified School,All District High School Honor Band,Los Angeles,CA,Rose,2025,https://en.wikipedia.org/wiki/Rose_Parade_marching_bands,wikipedia_rose,all-star/honor/all-district band
"The New England Honors Marching Band, from Massachusetts, Connecticut, Rhode Island, Vermont",,New Hampshire,ME,Rose,2025,https://en.wikipedia.org/wiki/Rose_Parade_marching_bands,wikipedia_rose,all-star/honor/all-district band
The Ohio State University Marching Band,,,,Rose,2025,https://en.wikipedia.org/wiki/Rose_Parade_marching_bands,wikipedia_rose,college/university
Pasadena City College Tournament of Roses Honor Band & Herald Trumpets,,Pasadena,CA,Rose,2025,https://en.wikipedia.org/wiki/Rose_Parade_marching_bands,wikipedia_rose,all-star/honor/all-district band
The Salvation Army Tournament of Roses Band,,Los Angeles,CA,Rose,2025,https://en.wikipedia.org/wiki/Rose_Parade_marching_bands,wikipedia_rose,community band
University of Wyoming Western Thunder Marching Band,,Laramie,WY,Rose,2025,https://en.wikipedia.org/wiki/Rose_Parade_marching_bands,wikipedia_rose,college/university
"United States Marine Corps West Coast Composite Band, San Diego and",,Camp Pendleton,CA,Rose,2025,https://en.wikipedia.org/wiki/Rose_Parade_marching_bands,wikipedia_rose,military band
University of Oregon Marching Band,,,,Rose,2025,https://en.wikipedia.org/wiki/Rose_Parade_marching_bands,wikipedia_rose,college/university
Bands of America Honor Band,,Indianapolis,IN,Rose,2026,https://en.wikipedia.org/wiki/Rose_Parade_marching_bands,wikipedia_rose,all-star/honor/all-district band
The Band Directors Marching Band,,Pickerington,OH,Rose,2026,https://en.wikipedia.org/wiki/Rose_Parade_marching_bands,wikipedia_rose,all-star/honor/all-district band
"Delfines Marching Band, Xalapa, Veracruz, Mexico",,,,Rose,2026,https://en.wikipedia.org/wiki/Rose_Parade_marching_bands,wikipedia_rose,non-US group
Los Angeles Unified School,All District High School Honor Band,Los Angeles,CA,Rose,2026,https://en.wikipedia.org/wiki/Rose_Parade_marching_bands,wikipedia_rose,all-star/honor/all-district band
Mino Jiyu Gakuen Golden Bears Green Band,"Toyonaka, Osaka, Japan",,,Rose,2026,https://en.wikipedia.org/wiki/Rose_Parade_marching_bands,wikipedia_rose,non-US group
Morgan State University Magnificent Marching Machine,,Baltimore,MD,Rose,2026,https://en.wikipedia.org/wiki/Rose_Parade_marching_bands,wikipedia_rose,college/university
Pasadena City College Herald Trumpets,,Pasadena,CA,Rose,2026,https://en.wikipedia.org/wiki/Rose_Parade_marching_bands,wikipedia_rose,college/university
Pasadena City College Tournament of Roses Honor Band & Herald Trumpets,,Pasadena,CA,Rose,2026,https://en.wikipedia.org/wiki/Rose_Parade_marching_bands,wikipedia_rose,all-star/honor/all-district band
"The Salvation Army Tournament of Roses Band, Maryland and Virginia",,,,Rose,2026,https://en.wikipedia.org/wiki/Rose_Parade_marching_bands,wikipedia_rose,community band
United States Marine Corps West Coast Composite Band,,Camp Pendleton,CA,Rose,2026,https://en.wikipedia.org/wiki/Rose_Parade_marching_bands,wikipedia_rose,military band
Indiana University Marching Hundred,,Bloomington,IN,Rose,2026,https://en.wikipedia.org/wiki/Rose_Parade_marching_bands,wikipedia_rose,college/university
The University of Alabama Million Dollar Band,,Tuscaloosa,AL,Rose,2026,https://en.wikipedia.org/wiki/Rose_Parade_marching_bands,wikipedia_rose,college/university
"Aguiluchos Marching Band, Puebla, Mexico",,,,Rose,2027,https://en.wikipedia.org/wiki/Rose_Parade_marching_bands,wikipedia_rose,non-US group
Asahi University and Gifu Shogyo High School,"Gifu, Japan",,,Rose,2027,https://en.wikipedia.org/wiki/Rose_Parade_marching_bands,wikipedia_rose,college/university
"Banda CEDES Don Bosco, Alajuelita, San Jose, Costa Rica",,,,Rose,2027,https://en.wikipedia.org/wiki/Rose_Parade_marching_bands,wikipedia_rose,non-US group
"Falcon Marching Band, Bowling Green State University",,Bowling Green,OH,Rose,2027,https://en.wikipedia.org/wiki/Rose_Parade_marching_bands,wikipedia_rose,college/university
Los Angeles Unified School,All District High School Honor Band,Los Angeles,CA,Rose,2027,https://en.wikipedia.org/wiki/Rose_Parade_marching_bands,wikipedia_rose,all-star/honor/all-district band
Pasadena City College Tournament of Roses Honor Band & Herald Trumpets,,Pasadena,CA,Rose,2027,https://en.wikipedia.org/wiki/Rose_Parade_marching_bands,wikipedia_rose,all-star/honor/all-district band
Pasadena Unified School,District All-Star Band,Pasadena,CA,Rose,2027,https://en.wikipedia.org/wiki/Rose_Parade_marching_bands,wikipedia_rose,all-star/honor/all-district band
"Pride Bands Alliance, Washington, D.C.",,,,Rose,2027,https://en.wikipedia.org/wiki/Rose_Parade_marching_bands,wikipedia_rose,all-star/honor/all-district band
Santa Clara Vanguard Drum & Bugle Corps,,Santa Clara,CA,Rose,2027,https://en.wikipedia.org/wiki/Rose_Parade_marching_bands,wikipedia_rose,drum corps
"The Marching Southerners, Jacksonville State University",,Jacksonville,AL,Rose,2027,https://en.wikipedia.org/wiki/Rose_Parade_marching_bands,wikipedia_rose,college/university
Salvation Army Tournament of Roses Band,,Los Angeles,CA,Rose,2027,https://en.wikipedia.org/wiki/Rose_Parade_marching_bands,wikipedia_rose,community band
"United States Marine Corps West Coast Composite Band, San Diego and",,Camp Pendleton,CA,Rose,2027,https://en.wikipedia.org/wiki/Rose_Parade_marching_bands,wikipedia_rose,military band
Bands from the Universities participating in the Rose Bowl game,,,,Rose,2027,https://en.wikipedia.org/wiki/Rose_Parade_marching_bands,wikipedia_rose,college/university
