school,band_name,city,state,event,year,source_url
Tournament of Bands All-Star Marching Band,,,,Philadelphia,2015,https://en.wikipedia.org/wiki/6abc_Dunkin%27_Thanksgiving_Day_Parade
A.I. Dupont Tiger Marching Band,,Greenville,DE,Philadelphia,2015,https://en.wikipedia.org/wiki/6abc_Dunkin%27_Thanksgiving_Day_Parade
Smiths Station High School,Smiths Station High School Panther Spirit Band,Smith Station,AL,Philadelphia,2015,https://en.wikipedia.org/wiki/6abc_Dunkin%27_Thanksgiving_Day_Parade
Alan B. Shepard Marching Band,,Palos Heights,IL,Philadelphia,2015,https://en.wikipedia.org/wiki/6abc_Dunkin%27_Thanksgiving_Day_Parade
Pennsbury High School,Pennsbury High School Marching Band,Fairless Hills,PA,Philadelphia,2015,https://en.wikipedia.org/wiki/6abc_Dunkin%27_Thanksgiving_Day_Parade
Brownsburg High School,The Sound of Brownsburg High School Marching Band,Brownsburg,IN,Philadelphia,2015,https://en.wikipedia.org/wiki/6abc_Dunkin%27_Thanksgiving_Day_Parade
Laporte High School,Laporte High School Marching Band,Laporte,IN,Philadelphia,2015,https://en.wikipedia.org/wiki/6abc_Dunkin%27_Thanksgiving_Day_Parade
Jackson Memorial Jaguar Band,,Jackson,NJ,Philadelphia,2015,https://en.wikipedia.org/wiki/6abc_Dunkin%27_Thanksgiving_Day_Parade
Combined bands of Midland Valley and Silver Bluff High Schools,,Granitville,SC,Philadelphia,2015,https://en.wikipedia.org/wiki/6abc_Dunkin%27_Thanksgiving_Day_Parade
Fishers High School,Fishers High School Marching Tiger Band,Fishers,IN,Philadelphia,2015,https://en.wikipedia.org/wiki/6abc_Dunkin%27_Thanksgiving_Day_Parade
Riverview High School,Riverview High School Band,Sarasota,FL,Philadelphia,2015,https://en.wikipedia.org/wiki/6abc_Dunkin%27_Thanksgiving_Day_Parade
Oneonta High School,Oneonta High School Band,Oneonta,AL,Philadelphia,2015,https://en.wikipedia.org/wiki/6abc_Dunkin%27_Thanksgiving_Day_Parade
Kutztown University Marching Unit,,Kutztown,PA,Philadelphia,2015,https://en.wikipedia.org/wiki/6abc_Dunkin%27_Thanksgiving_Day_Parade
Pendleton Heights High School,Pendleton Heights High School Marching Band,Pendleton,IN,Philadelphia,2015,https://en.wikipedia.org/wiki/6abc_Dunkin%27_Thanksgiving_Day_Parade
Heights Youth Club and Marching Band,,,,Philadelphia,2015,https://en.wikipedia.org/wiki/6abc_Dunkin%27_Thanksgiving_Day_Parade
A.I. DuPont High School,A.I. DuPont High School Tiger Band,Greenville,DE,Philadelphia,2016,https://en.wikipedia.org/wiki/6abc_Dunkin%27_Thanksgiving_Day_Parade
Anthony Wayne High School,Anthony Wayne High School Marching Generals,Whitehouse,OH,Philadelphia,2016,https://en.wikipedia.org/wiki/6abc_Dunkin%27_Thanksgiving_Day_Parade
Baldwin County All-Star Band,,Baldwin County,AL,Philadelphia,2016,https://en.wikipedia.org/wiki/6abc_Dunkin%27_Thanksgiving_Day_Parade
Brooks High School,Brooks High School Marching Band,Killen,AL,Philadelphia,2016,https://en.wikipedia.org/wiki/6abc_Dunkin%27_Thanksgiving_Day_Parade
Dwight Morrow High School,Dwight Morrow High School Marching Band,Englewood,NJ,Philadelphia,2016,https://en.wikipedia.org/wiki/6abc_Dunkin%27_Thanksgiving_Day_Parade
East Hills Middle School,East Hills Middle School Band,Bethlehem,PA,Philadelphia,2016,https://en.wikipedia.org/wiki/6abc_Dunkin%27_Thanksgiving_Day_Parade
Heights Marching Band,,,,Philadelphia,2016,https://en.wikipedia.org/wiki/6abc_Dunkin%27_Thanksgiving_Day_Parade
Homewood High School,Homewood High School Patriot Band,Homewood,AL,Philadelphia,2016,https://en.wikipedia.org/wiki/6abc_Dunkin%27_Thanksgiving_Day_Parade
Huntsville High School,Huntsville High School Crimson Panther Marching Band,Huntsville,AL,Philadelphia,2016,https://en.wikipedia.org/wiki/6abc_Dunkin%27_Thanksgiving_Day_Parade
Jonathan Adler High School,Jonathan Adler High School Marching Band,Plain City,OH,Philadelphia,2016,https://en.wikipedia.org/wiki/6abc_Dunkin%27_Thanksgiving_Day_Parade
North Augusta High School,North Augusta High School Jacket Regiment,North Augusta,SC,Philadelphia,2016,https://en.wikipedia.org/wiki/6abc_Dunkin%27_Thanksgiving_Day_Parade
NorthWood High School,NorthWood High School Red Regiment,Nappanee,IN,Philadelphia,2016,https://en.wikipedia.org/wiki/6abc_Dunkin%27_Thanksgiving_Day_Parade
Penn High School,Penn High School Marching Kingsmen,Mishawaka,IN,Philadelphia,2016,https://en.wikipedia.org/wiki/6abc_Dunkin%27_Thanksgiving_Day_Parade
Pennsbury High School,Pennsbury High School Marching Band,Fairless Hills,PA,Philadelphia,2016,https://en.wikipedia.org/wiki/6abc_Dunkin%27_Thanksgiving_Day_Parade
Pickens and Fannin Count High School,The Pickens and Fannin Count High School Band,Jasper and Blue Ridge,GA,Philadelphia,2016,https://en.wikipedia.org/wiki/6abc_Dunkin%27_Thanksgiving_Day_Parade
Rome High School,Rome High School Marching Band,Rome,GA,Philadelphia,2016,https://en.wikipedia.org/wiki/6abc_Dunkin%27_Thanksgiving_Day_Parade
Tournament of Bands All Star Marching Band,,,,Philadelphia,2016,https://en.wikipedia.org/wiki/6abc_Dunkin%27_Thanksgiving_Day_Parade
Wayne County High School,Wayne County High School Marching Band,Jesup,GA,Philadelphia,2016,https://en.wikipedia.org/wiki/6abc_Dunkin%27_Thanksgiving_Day_Parade
Winchester Community High School,Winchester Community High School Band,Winchester,IN,Philadelphia,2016,https://en.wikipedia.org/wiki/6abc_Dunkin%27_Thanksgiving_Day_Parade
Woodland High School,Woodland High School Marching Band,Stockbridge,GA,Philadelphia,2016,https://en.wikipedia.org/wiki/6abc_Dunkin%27_Thanksgiving_Day_Parade
A.I. DuPont High School,A.I. DuPont High School Marching Band,Wilmington,DE,Philadelphia,2018,https://en.wikipedia.org/wiki/6abc_Dunkin%27_Thanksgiving_Day_Parade
Bellefontaine High School,Bellefontaine High School Band,,DE,Philadelphia,2018,https://en.wikipedia.org/wiki/6abc_Dunkin%27_Thanksgiving_Day_Parade
Biloxi High School,Biloxi High School Band,Biloxi,MS,Philadelphia,2018,https://en.wikipedia.org/wiki/6abc_Dunkin%27_Thanksgiving_Day_Parade
Bedford North Lawrence Marching Stars,,Bedford,IN,Philadelphia,2018,https://en.wikipedia.org/wiki/6abc_Dunkin%27_Thanksgiving_Day_Parade
Bloomington North High School,Bloomington North High School Band,Bloomington,IN,Philadelphia,2018,https://en.wikipedia.org/wiki/6abc_Dunkin%27_Thanksgiving_Day_Parade
Braden River High School,Braden River High School Band,Bradenton,FL,Philadelphia,2018,https://en.wikipedia.org/wiki/6abc_Dunkin%27_Thanksgiving_Day_Parade
Brien McMahon High School,Brien McMahon High School Band,Norwalk,CT,Philadelphia,2018,https://en.wikipedia.org/wiki/6abc_Dunkin%27_Thanksgiving_Day_Parade
Crestview High School,Crestview High School Band,Crestview,FL,Philadelphia,2018,https://en.wikipedia.org/wiki/6abc_Dunkin%27_Thanksgiving_Day_Parade
University of Delaware Band,,Newark,DE,Philadelphia,2018,https://en.wikipedia.org/wiki/6abc_Dunkin%27_Thanksgiving_Day_Parade
Defiance High School,Defiance High School Band,,DE,Philadelphia,2018,https://en.wikipedia.org/wiki/6abc_Dunkin%27_Thanksgiving_Day_Parade
Dublin Jerome High School,Dublin Jerome High School Band,Dublin,OH,Philadelphia,2018,https://en.wikipedia.org/wiki/6abc_Dunkin%27_Thanksgiving_Day_Parade
Dublin Scioto Irish Band,,Dublin,OH,Philadelphia,2018,https://en.wikipedia.org/wiki/6abc_Dunkin%27_Thanksgiving_Day_Parade
Dublin Coffman Band,,Dublin,OH,Philadelphia,2018,https://en.wikipedia.org/wiki/6abc_Dunkin%27_Thanksgiving_Day_Parade
Lafayette Jefferson High School,Lafayette Jefferson High School Band,Lafayette,IN,Philadelphia,2018,https://en.wikipedia.org/wiki/6abc_Dunkin%27_Thanksgiving_Day_Parade
Lowndes High Marching Band,,Valdosta,GA,Philadelphia,2018,https://en.wikipedia.org/wiki/6abc_Dunkin%27_Thanksgiving_Day_Parade
Lenape Regional High School,Lenape Regional High School Band,Burlington County,NJ,Philadelphia,2018,https://en.wikipedia.org/wiki/6abc_Dunkin%27_Thanksgiving_Day_Parade
Muskego High School,Muskego High School Marching Band,Muskego,WI,Philadelphia,2018,https://en.wikipedia.org/wiki/6abc_Dunkin%27_Thanksgiving_Day_Parade
Olentangy Orange High School,Olentangy Orange High School Band,Lewis Center,OH,Philadelphia,2018,https://en.wikipedia.org/wiki/6abc_Dunkin%27_Thanksgiving_Day_Parade
Pearl City High School,Pearl City High School Marching Band,Pearl City,HI,Philadelphia,2018,https://en.wikipedia.org/wiki/6abc_Dunkin%27_Thanksgiving_Day_Parade
Pennsbury High School,Pennsbury High School Band,Fairless Hills,PA,Philadelphia,2018,https://en.wikipedia.org/wiki/6abc_Dunkin%27_Thanksgiving_Day_Parade
Tournament of Bands All Star Marching Band,,,,Philadelphia,2018,https://en.wikipedia.org/wiki/6abc_Dunkin%27_Thanksgiving_Day_Parade
Scotland County High School,Scotland County High School Band,Laurinburg,NC,Philadelphia,2018,https://en.wikipedia.org/wiki/6abc_Dunkin%27_Thanksgiving_Day_Parade
Wyoming All-State Band,,,WY,Philadelphia,2018,https://en.wikipedia.org/wiki/6abc_Dunkin%27_Thanksgiving_Day_Parade
A.I. DuPont High School,A.I. DuPont High School Tiger Marching Band,Wilmington,DE,Philadelphia,2019,https://en.wikipedia.org/wiki/6abc_Dunkin%27_Thanksgiving_Day_Parade
Bainbridge High School,Bainbridge High School Marching Band,Bainbridge,GA,Philadelphia,2019,https://en.wikipedia.org/wiki/6abc_Dunkin%27_Thanksgiving_Day_Parade
Ben Davis Marching Giants,,,,Philadelphia,2019,https://en.wikipedia.org/wiki/6abc_Dunkin%27_Thanksgiving_Day_Parade
Brunswick Marching Pirates,,Brunswick,GA,Philadelphia,2019,https://en.wikipedia.org/wiki/6abc_Dunkin%27_Thanksgiving_Day_Parade
Colquitt County High School,Colquitt County High School Band,Norman Park,GA,Philadelphia,2019,https://en.wikipedia.org/wiki/6abc_Dunkin%27_Thanksgiving_Day_Parade
East Hills Middle School,East Hills Middle School Band,Bethlehem,PA,Philadelphia,2019,https://en.wikipedia.org/wiki/6abc_Dunkin%27_Thanksgiving_Day_Parade
Freedom Patriot Band,,Bethlehem,PA,Philadelphia,2019,https://en.wikipedia.org/wiki/6abc_Dunkin%27_Thanksgiving_Day_Parade
Gulf Coast High School,Gulf Coast High School Marching Sharks,Naples,FL,Philadelphia,2019,https://en.wikipedia.org/wiki/6abc_Dunkin%27_Thanksgiving_Day_Parade
Guntersville High School,Guntersville High School Crimson Guard,Guntersville,AL,Philadelphia,2019,https://en.wikipedia.org/wiki/6abc_Dunkin%27_Thanksgiving_Day_Parade
Jackson High School,Jackson High School Marching Band,,OH,Philadelphia,2019,https://en.wikipedia.org/wiki/6abc_Dunkin%27_Thanksgiving_Day_Parade
Jacket Pride Marching Band,,Denham Springs,LA,Philadelphia,2019,https://en.wikipedia.org/wiki/6abc_Dunkin%27_Thanksgiving_Day_Parade
Kingsway Regional Marching Band,,Gloucester County,NJ,Philadelphia,2019,https://en.wikipedia.org/wiki/6abc_Dunkin%27_Thanksgiving_Day_Parade
Mary G. Montgomery High School,Mary G. Montgomery High School Band,Semmes,AL,Philadelphia,2019,https://en.wikipedia.org/wiki/6abc_Dunkin%27_Thanksgiving_Day_Parade
Morgantown High School,Morgantown High School Marching Band,Morgantown,WV,Philadelphia,2019,https://en.wikipedia.org/wiki/6abc_Dunkin%27_Thanksgiving_Day_Parade
Pennsbury High School,Pennsbury High School Band,Fairless Hills,PA,Philadelphia,2019,https://en.wikipedia.org/wiki/6abc_Dunkin%27_Thanksgiving_Day_Parade
Pride of Portage Marching Band,,Portage,IN,Philadelphia,2019,https://en.wikipedia.org/wiki/6abc_Dunkin%27_Thanksgiving_Day_Parade
Twin Lakes High School,Spirit of Twin Lakes High School Band,Monticello,IN,Philadelphia,2019,https://en.wikipedia.org/wiki/6abc_Dunkin%27_Thanksgiving_Day_Parade
Tournament of Bands All Star Marching Band,,,,Philadelphia,2019,https://en.wikipedia.org/wiki/6abc_Dunkin%27_Thanksgiving_Day_Parade
University of New Hampshire Marching Band,,Durham,NH,Philadelphia,2019,https://en.wikipedia.org/wiki/6abc_Dunkin%27_Thanksgiving_Day_Parade
West Chester University Golden Rams Marching Band,,West Chester,PA,Philadelphia,2019,https://en.wikipedia.org/wiki/6abc_Dunkin%27_Thanksgiving_Day_Parade
White Knoll High School,White Knoll High School Band,Lexington,SC,Philadelphia,2019,https://en.wikipedia.org/wiki/6abc_Dunkin%27_Thanksgiving_Day_Parade
Clearview Regional High School,Clearview Regional High School Band,Gloucester County,NJ,Philadelphia,2022,https://en.wikipedia.org/wiki/6abc_Dunkin%27_Thanksgiving_Day_Parade
Decatur Central High School,Decatur Central High School Marching Band and Color Guard,,,Philadelphia,2022,https://en.wikipedia.org/wiki/6abc_Dunkin%27_Thanksgiving_Day_Parade
East Hills Middle School,East Hills Middle School Marching Band,Bethlehem,PA,Philadelphia,2022,https://en.wikipedia.org/wiki/6abc_Dunkin%27_Thanksgiving_Day_Parade
Jasper High School,Jasper High School Band,Jasper,IN,Philadelphia,2022,https://en.wikipedia.org/wiki/6abc_Dunkin%27_Thanksgiving_Day_Parade
Kingsway Regional High School,Kingsway Regional High School Band,Gloucester County,NJ,Philadelphia,2022,https://en.wikipedia.org/wiki/6abc_Dunkin%27_Thanksgiving_Day_Parade
Mount Vernon High School,Mount Vernon High School Marching Band,,IN,Philadelphia,2022,https://en.wikipedia.org/wiki/6abc_Dunkin%27_Thanksgiving_Day_Parade
Parkland High School,Parkland High School Band,Allentown,PA,Philadelphia,2022,https://en.wikipedia.org/wiki/6abc_Dunkin%27_Thanksgiving_Day_Parade
Pennsbury High School,Pennsbury High School Marching Band,Fairless Hills,PA,Philadelphia,2022,https://en.wikipedia.org/wiki/6abc_Dunkin%27_Thanksgiving_Day_Parade
Pocono Mountain East High School,Pocono Mountain East High School Band,Swiftwater,PA,Philadelphia,2022,https://en.wikipedia.org/wiki/6abc_Dunkin%27_Thanksgiving_Day_Parade
Reynoldsburg Raider Marching Band,,Reynoldsburg,OH,Philadelphia,2022,https://en.wikipedia.org/wiki/6abc_Dunkin%27_Thanksgiving_Day_Parade
Salem High School,Salem High School Marching Band,,VA,Philadelphia,2022,https://en.wikipedia.org/wiki/6abc_Dunkin%27_Thanksgiving_Day_Parade
Whiteland Community High School,Whiteland Community High School Band,Whiteland,IN,Philadelphia,2022,https://en.wikipedia.org/wiki/6abc_Dunkin%27_Thanksgiving_Day_Parade
