school,band_name,city,state,district,enrollment,parades,parades_marched,last_appearance,boa_finalist_years,school_url,band_url,director_name,director_email,director_phone,booster_org,source_urls,score,tier,notes
William Mason High School,Marching Band,Mason,OH,,,BOA Grand National Finalist 2025; BOA Grand National Finalist 2024; Rose 2024; BOA Grand National Finalist 2023; BOA Grand National Finalist 2022; BOA Grand National Finalist 2021; BOA Grand National Finalist 2019; BOA Grand National Finalist 2018; Rose 2016,9,2025,2025; 2024; 2023; 2022; 2021; 2019; 2018,,,,,,,https://marching.musicforall.org/result/grand-national-championships-2025/; https://marching.musicforall.org/result/grand-national-championships-2024/; https://marching.musicforall.org/result/grand-national-championships-2023/; https://marching.musicforall.org/result/grandnationals22/; https://marching.musicforall.org/result/grandnats2021/; https://marching.musicforall.org/result/grand-national-championships/; https://marching.musicforall.org/result/grand-national-championships-2018/; https://en.wikipedia.org/wiki/Rose_Parade_marching_bands,,,
Carmel High School,Marching Greyhounds,Carmel,IN,,,Rose 2027; BOA Grand National Finalist 2025; BOA Grand National Finalist 2024; BOA Grand National Finalist 2023; BOA Grand National Finalist 2022; BOA Grand National Finalist 2021; BOA Grand National Finalist 2019; BOA Grand National Finalist 2018,8,2027,2025; 2024; 2023; 2022; 2021; 2019; 2018,,,,,,,https://marching.musicforall.org/result/grand-national-championships-2025/; https://marching.musicforall.org/result/grand-national-championships-2024/; https://marching.musicforall.org/result/grand-national-championships-2023/; https://marching.musicforall.org/result/grandnationals22/; https://marching.musicforall.org/result/grandnats2021/; https://marching.musicforall.org/result/grand-national-championships/; https://marching.musicforall.org/result/grand-national-championships-2018/; https://en.wikipedia.org/wiki/Rose_Parade_marching_bands,,,
Avon High School,,,IN,,,BOA Grand National Finalist 2025; BOA Grand National Finalist 2024; BOA Grand National Finalist 2023; BOA Grand National Finalist 2022; BOA Grand National Finalist 2021; BOA Grand National Finalist 2019; BOA Grand National Finalist 2018,7,2025,2025; 2024; 2023; 2022; 2021; 2019; 2018,,,,,,,https://marching.musicforall.org/result/grand-national-championships-2025/; https://marching.musicforall.org/result/grand-national-championships-2024/; https://marching.musicforall.org/result/grand-national-championships-2023/; https://marching.musicforall.org/result/grandnationals22/; https://marching.musicforall.org/result/grandnats2021/; https://marching.musicforall.org/result/grand-national-championships/; https://marching.musicforall.org/result/grand-national-championships-2018/,,,
Broken Arrow High School,The Pride of,The Pride of Broken Arrow,OK,,,BOA Grand National Finalist 2025; BOA Grand National Finalist 2024; BOA Grand National Finalist 2022; Rose 2022; BOA Grand National Finalist 2021; BOA Grand National Finalist 2018; Rose 2017,7,2025,2025; 2024; 2022; 2021; 2018,,,,,,,https://marching.musicforall.org/result/grand-national-championships-2025/; https://marching.musicforall.org/result/grand-national-championships-2024/; https://marching.musicforall.org/result/grandnationals22/; https://marching.musicforall.org/result/grandnats2021/; https://marching.musicforall.org/result/grand-national-championships-2018/; https://en.wikipedia.org/wiki/Rose_Parade_marching_bands,,,
Blue Springs High School,Golden Regiment Marching Band,Blue Springs,MO,,,Rose 2027; BOA Grand National Finalist 2025; BOA Grand National Finalist 2023; BOA Grand National Finalist 2021; BOA Grand National Finalist 2018; Rose 2015,6,2027,2025; 2023; 2021; 2018,,,,,,,https://marching.musicforall.org/result/grand-national-championships-2025/; https://marching.musicforall.org/result/grand-national-championships-2023/; https://marching.musicforall.org/result/grandnats2021/; https://marching.musicforall.org/result/grand-national-championships-2018/; https://en.wikipedia.org/wiki/Rose_Parade_marching_bands,,,
Pennsbury High School,Pennsbury High School Marching Band,Fairless Hills,PA,,,Philadelphia 2022; Philadelphia 2019; Philadelphia 2018; Rose 2018; Philadelphia 2016; Philadelphia 2015,6,2022,,,,,,,,https://en.wikipedia.org/wiki/6abc_Dunkin%27_Thanksgiving_Day_Parade; https://en.wikipedia.org/wiki/Rose_Parade_marching_bands,,,
Dobyns-Bennett High School,Marching Band,Kingsport,TN,,,BOA Grand National Finalist 2024; BOA Grand National Finalist 2022; BOA Grand National Finalist 2021; Rose 2020; BOA Grand National Finalist 2018,5,2024,2024; 2022; 2021; 2018,,,,,,,https://marching.musicforall.org/result/grand-national-championships-2024/; https://marching.musicforall.org/result/grandnationals22/; https://marching.musicforall.org/result/grandnats2021/; https://marching.musicforall.org/result/grand-national-championships-2018/; https://en.wikipedia.org/wiki/Rose_Parade_marching_bands,,,
Brownsburg High School,The Sound of Brownsburg High School Marching Band,Brownsburg,IN,,,Rose 2026; BOA Grand National Finalist 2023; BOA Grand National Finalist 2022; Philadelphia 2015,4,2026,2023; 2022,,,,,,,https://marching.musicforall.org/result/grand-national-championships-2023/; https://marching.musicforall.org/result/grandnationals22/; https://en.wikipedia.org/wiki/6abc_Dunkin%27_Thanksgiving_Day_Parade; https://en.wikipedia.org/wiki/Rose_Parade_marching_bands,,,
The Woodlands High School,,,TX,,,BOA Grand National Finalist 2025; BOA Grand National Finalist 2023; BOA Grand National Finalist 2021; BOA Grand National Finalist 2019,4,2025,2025; 2023; 2021; 2019,,,,,,,https://marching.musicforall.org/result/grand-national-championships-2025/; https://marching.musicforall.org/result/grand-national-championships-2023/; https://marching.musicforall.org/result/grandnats2021/; https://marching.musicforall.org/result/grand-national-championships/,,,
Burton Bulldog Marching Band,Burton Bulldog Marching Band,,,,,Hollywood 2026; Hollywood 2025; Hollywood 2024,3,2026,,,,,,,,https://thehollywoodchristmasparade.org/category/2024-marching-bands-dance-cheer-groups/; https://thehollywoodchristmasparade.org/category/2025-marching-bands-dance-cheer-groups/; https://thehollywoodchristmasparade.org/category/2026-marching-bands-dance-cheer-groups/,,,state unknown: source lists no location
Homewood High School,Homewood High School Patriot Band,Homewood,AL,,,Rose 2026; Rose 2022; Philadelphia 2016,3,2026,,,,,,,,https://en.wikipedia.org/wiki/6abc_Dunkin%27_Thanksgiving_Day_Parade; https://en.wikipedia.org/wiki/Rose_Parade_marching_bands,,,
Arcadia High School,Apache Marching Band and Color Guard,Arcadia,CA,,,Rose 2026; Rose 2022; Rose 2017,3,2026,,,,,,,,https://en.wikipedia.org/wiki/Rose_Parade_marching_bands,,,
A.I. DuPont High School,A.I. DuPont High School Tiger Band,Greenville,DE,,,Philadelphia 2019; Philadelphia 2018; Philadelphia 2016,3,2019,,,,,,,,https://en.wikipedia.org/wiki/6abc_Dunkin%27_Thanksgiving_Day_Parade,,,
Tarpon Springs High School,,,FL,,,BOA Grand National Finalist 2024; BOA Grand National Finalist 2022; BOA Grand National Finalist 2018,3,2024,2024; 2022; 2018,,,,,,,https://marching.musicforall.org/result/grand-national-championships-2024/; https://marching.musicforall.org/result/grandnationals22/; https://marching.musicforall.org/result/grand-national-championships-2018/,,,
O'Fallon Township High School,Marching Panthers,O'Fallon,IL,,,Rose 2022; BOA Grand National Finalist 2018; Rose 2015,3,2022,2018,,,,,,,https://marching.musicforall.org/result/grand-national-championships-2018/; https://en.wikipedia.org/wiki/Rose_Parade_marching_bands,,,
Fishers High School,Fishers High School Marching Tiger Band,Fishers,IN,,,BOA Grand National Finalist 2023; BOA Grand National Finalist 2022; Philadelphia 2015,3,2023,2023; 2022,,,,,,,https://marching.musicforall.org/result/grand-national-championships-2023/; https://marching.musicforall.org/result/grandnationals22/; https://en.wikipedia.org/wiki/6abc_Dunkin%27_Thanksgiving_Day_Parade,,,
Jenks High School,Trojan Pride,Jenks,OK,,,Rose 2024; BOA Grand National Finalist 2018; Rose 2016,3,2024,2018,,,,,,,https://marching.musicforall.org/result/grand-national-championships-2018/; https://en.wikipedia.org/wiki/Rose_Parade_marching_bands,,,
Flower Mound High School,Band,Flower Mound,TX,,,BOA Grand National Finalist 2025; BOA Grand National Finalist 2021; Rose 2019,3,2025,2025; 2021,,,,,,,https://marching.musicforall.org/result/grand-national-championships-2025/; https://marching.musicforall.org/result/grandnats2021/; https://en.wikipedia.org/wiki/Rose_Parade_marching_bands,,,
Hebron High School,Mighty Hawk Band,Carrollton,TX,,,BOA Grand National Finalist 2023; Rose 2022; BOA Grand National Finalist 2019,3,2023,2023; 2019,,,,,,,https://marching.musicforall.org/result/grand-national-championships-2023/; https://marching.musicforall.org/result/grand-national-championships/; https://en.wikipedia.org/wiki/Rose_Parade_marching_bands,,,
Prosper High School,,,TX,,,BOA Grand National Finalist 2024; BOA Grand National Finalist 2022; BOA Grand National Finalist 2018,3,2024,2024; 2022; 2018,,,,,,,https://marching.musicforall.org/result/grand-national-championships-2024/; https://marching.musicforall.org/result/grandnationals22/; https://marching.musicforall.org/result/grand-national-championships-2018/,,,
Ronald Reagan High School,Marching Band,San Antonio,TX,,,BOA Grand National Finalist 2025; BOA Grand National Finalist 2021; Rose 2018,3,2025,2025; 2021,,,,,,,https://marching.musicforall.org/result/grand-national-championships-2025/; https://marching.musicforall.org/result/grandnats2021/; https://en.wikipedia.org/wiki/Rose_Parade_marching_bands,,,
Round Rock High School,Dragon Band,Round Rock,TX,,,BOA Grand National Finalist 2023; BOA Grand National Finalist 2019; Rose 2015,3,2023,2023; 2019,,,,,,,https://marching.musicforall.org/result/grand-national-championships-2023/; https://marching.musicforall.org/result/grand-national-championships/; https://en.wikipedia.org/wiki/Rose_Parade_marching_bands,,,
Cherry Creek High School,Cherry Creek High School Marching Band,,,,,Hollywood 2026; Hollywood 2022,2,2026,,,,,,,,https://thehollywoodchristmasparade.org/category/2022-marching-band-and-pageantry/; https://thehollywoodchristmasparade.org/category/2026-marching-bands-dance-cheer-groups/,,,state unknown: source lists no location
Milton High School,,,,,,Hollywood 2025; Hollywood 2021,2,2025,,,,,,,,https://thehollywoodchristmasparade.org/category/2021-marching-band-and-pageantry/; https://thehollywoodchristmasparade.org/category/2025-marching-bands-dance-cheer-groups/,,,state unknown: source lists no location
Albertville High School,"Albertville High School ""Aggie"" Marching Band",Albertville,AL,,,Rose 2024; Rose 2018,2,2024,,,,,,,,https://en.wikipedia.org/wiki/Rose_Parade_marching_bands,,,
Bentonville High School,,,AR,,,BOA Grand National Finalist 2025; BOA Grand National Finalist 2023,2,2025,2025; 2023,,,,,,,https://marching.musicforall.org/result/grand-national-championships-2025/; https://marching.musicforall.org/result/grand-national-championships-2023/,,,
Homestead High School,Homestead High School Mighty Mustang Marching Band,Cupertino,CA,,,Rose 2025; Rose 2018,2,2025,,,,,,,,https://en.wikipedia.org/wiki/Rose_Parade_marching_bands,,,
Mira Mesa High School,Sapphire Sound and Color Guard,San Diego,CA,,,Rose 2022; Rose 2016,2,2022,,,,,,,,https://en.wikipedia.org/wiki/Rose_Parade_marching_bands,,,
Rancho Verde High School,Crimson Regiment,Moreno Valley,CA,,,Rose 2025; Rose 2020,2,2025,,,,,,,,https://en.wikipedia.org/wiki/Rose_Parade_marching_bands,,,
Santiago High School,The BOSS,Corona,CA,,,Rose 2024; Rose 2018,2,2024,,,,,,,,https://en.wikipedia.org/wiki/Rose_Parade_marching_bands,,,
Niceville High School,Eagle Pride Band,Niceville High School,FL,,,Rose 2024; Rose 2017,2,2024,,,,,,,,https://en.wikipedia.org/wiki/Rose_Parade_marching_bands,,,
Riverview High School,Riverview High School Band,Sarasota,FL,,,Hollywood 2019; Philadelphia 2015,2,2019,,,,,,,,https://en.wikipedia.org/wiki/6abc_Dunkin%27_Thanksgiving_Day_Parade; https://thehollywoodchristmasparade.org/category/2019-marching-band-and-pageantry/,,,
Lincoln-Way Marching Band,,Frankfort,IL,,,Rose 2025; Rose 2019,2,2025,,,,,,,,https://en.wikipedia.org/wiki/Rose_Parade_marching_bands,,,
Castle High School,,,IN,,,BOA Grand National Finalist 2024; BOA Grand National Finalist 2022,2,2024,2024; 2022,,,,,,,https://marching.musicforall.org/result/grand-national-championships-2024/; https://marching.musicforall.org/result/grandnationals22/,,,
Homestead High School,,,IN,,,BOA Grand National Finalist 2019; BOA Grand National Finalist 2018,2,2019,2019; 2018,,,,,,,https://marching.musicforall.org/result/grand-national-championships/; https://marching.musicforall.org/result/grand-national-championships-2018/,,,
Penn High School,Penn High School Marching Kingsmen,Mishawaka,IN,,,Hollywood 2021; Philadelphia 2016,2,2021,,,,,,,,https://en.wikipedia.org/wiki/6abc_Dunkin%27_Thanksgiving_Day_Parade; https://thehollywoodchristmasparade.org/category/2021-marching-band-and-pageantry/,,,
Rosemount High School,Marching Band,Rosemount,MN,,,Rose 2027; Rose 2023,2,2027,,,,,,,,https://en.wikipedia.org/wiki/Rose_Parade_marching_bands,,,
Olentangy Orange High School,Olentangy Orange High School Band,Lewis Center,OH,,,Hollywood 2021; Philadelphia 2018,2,2021,,,,,,,,https://en.wikipedia.org/wiki/6abc_Dunkin%27_Thanksgiving_Day_Parade; https://thehollywoodchristmasparade.org/category/2021-marching-band-and-pageantry/,,,
Wando High School,,,SC,,,BOA Grand National Finalist 2025; BOA Grand National Finalist 2018,2,2025,2025; 2018,,,,,,,https://marching.musicforall.org/result/grand-national-championships-2025/; https://marching.musicforall.org/result/grand-national-championships-2018/,,,
Allen High School,The Allen Eagle Escadrille,Allen,TX,,,Rose 2026; Rose 2016,2,2026,,,,,,,,https://en.wikipedia.org/wiki/Rose_Parade_marching_bands,,,
Claudia Taylor Johnson High School,,,TX,,,BOA Grand National Finalist 2021; BOA Grand National Finalist 2019,2,2021,2021; 2019,,,,,,,https://marching.musicforall.org/result/grandnats2021/; https://marching.musicforall.org/result/grand-national-championships/,,,
Leander High School,,,TX,,,BOA Grand National Finalist 2024; BOA Grand National Finalist 2019,2,2024,2024; 2019,,,,,,,https://marching.musicforall.org/result/grand-national-championships-2024/; https://marching.musicforall.org/result/grand-national-championships/,,,
Marcus High School,,,TX,,,BOA Grand National Finalist 2025; BOA Grand National Finalist 2021,2,2025,2025; 2021,,,,,,,https://marching.musicforall.org/result/grand-national-championships-2025/; https://marching.musicforall.org/result/grandnats2021/,,,
Vista Ridge High School,Marching Band,Cedar Park,TX,,,Rose 2023; BOA Grand National Finalist 2021,2,2023,2021,,,,,,,https://marching.musicforall.org/result/grandnats2021/; https://en.wikipedia.org/wiki/Rose_Parade_marching_bands,,,
Greendale High School,Marching Band,Greendale,WI,,,Rose 2026; Rose 2020,2,2026,,,,,,,,https://en.wikipedia.org/wiki/Rose_Parade_marching_bands,,,
Pulaski High School,Red Raider Marching Band,Red Raider Marching Band,WI,,,Rose 2024; Rose 2017,2,2024,,,,,,,,https://en.wikipedia.org/wiki/Rose_Parade_marching_bands,,,
Aguiluchos Marching Band,,,,,,Rose 2020,1,2020,,,,,,,,https://en.wikipedia.org/wiki/Rose_Parade_marching_bands,,,state unknown: source lists no location
Ben Davis Marching Giants,,,,,,Philadelphia 2019,1,2019,,,,,,,,https://en.wikipedia.org/wiki/6abc_Dunkin%27_Thanksgiving_Day_Parade,,,state unknown: source lists no location
California Springs School,California Springs School of Rhythmic Gymnastics,,,,,Hollywood 2023,1,2023,,,,,,,,https://thehollywoodchristmasparade.org/category/2023-marching-bands-pageantry-and-dance-groups/,,,state unknown: source lists no location
Carrollton High School,,,,,,Hollywood 2018,1,2018,,,,,,,,https://thehollywoodchristmasparade.org/category/2018-marching-band-and-pageantry/,,,state unknown: source lists no location
Colony High School,"Marching Band, Ontario California",,,,,Rose 2026,1,2026,,,,,,,,https://en.wikipedia.org/wiki/Rose_Parade_marching_bands,,,state unknown: source lists no location
Compton High School,Compton High School Band and Attachment,,,,,Hollywood 2023,1,2023,,,,,,,,https://thehollywoodchristmasparade.org/category/2023-marching-bands-pageantry-and-dance-groups/,,,state unknown: source lists no location
Concord Community High School,Concord Community High School Marching Minutemen,,,,,Hollywood 2022,1,2022,,,,,,,,https://thehollywoodchristmasparade.org/category/2022-marching-band-and-pageantry/,,,state unknown: source lists no location
Decatur Central High School,Decatur Central High School Marching Band and Color Guard,,,,,Philadelphia 2022,1,2022,,,,,,,,https://en.wikipedia.org/wiki/6abc_Dunkin%27_Thanksgiving_Day_Parade,,,state unknown: source lists no location
East Coweta High School,The East Coweta High School Marching Indians,,,,,Hollywood 2019,1,2019,,,,,,,,https://thehollywoodchristmasparade.org/category/2019-marching-band-and-pageantry/,,,state unknown: source lists no location
Franklin Central Marching Flashes,Franklin Central Marching Flashes,,,,,Hollywood 2026,1,2026,,,,,,,,https://thehollywoodchristmasparade.org/category/2026-marching-bands-dance-cheer-groups/,,,state unknown: source lists no location
Gadsden Band,Gadsden Band,,,,,Hollywood 2024,1,2024,,,,,,,,https://thehollywoodchristmasparade.org/category/2024-marching-bands-dance-cheer-groups/,,,state unknown: source lists no location
GevorkianDance Academy,The GevorkianDance Academy,,,,,Hollywood 2023,1,2023,,,,,,,,https://thehollywoodchristmasparade.org/category/2023-marching-bands-pageantry-and-dance-groups/,,,state unknown: source lists no location
Greenwood High School,The Greenwood High School Marching Woodmen,,,,,Hollywood 2025,1,2025,,,,,,,,https://thehollywoodchristmasparade.org/category/2025-marching-bands-dance-cheer-groups/,,,state unknown: source lists no location
"Greenwood Marching Woodmen & Irish Guard – Greenwood, Indiana","Greenwood Marching Woodmen & Irish Guard – Greenwood, Indiana",,,,,Hollywood 2021,1,2021,,,,,,,,https://thehollywoodchristmasparade.org/category/2021-marching-band-and-pageantry/,,,state unknown: source lists no location
Habersham Central High School,Habersham Central High School Band,,,,,Hollywood 2018,1,2018,,,,,,,,https://thehollywoodchristmasparade.org/category/2018-marching-band-and-pageantry/,,,state unknown: source lists no location
Heights Marching Band,,,,,,Philadelphia 2016,1,2016,,,,,,,,https://en.wikipedia.org/wiki/6abc_Dunkin%27_Thanksgiving_Day_Parade,,,state unknown: source lists no location
LA Catholic School,LA Catholic School Marching Band,,,,,Hollywood 2025,1,2025,,,,,,,,https://thehollywoodchristmasparade.org/category/2025-marching-bands-dance-cheer-groups/,,,state unknown: source lists no location
Liberty High School,Liberty High School Grenadiers,,,,,Hollywood 2019,1,2019,,,,,,,,https://thehollywoodchristmasparade.org/category/2019-marching-band-and-pageantry/,,,state unknown: source lists no location
Los Angeles Catholic School,Los Angeles Catholic School Band,,,,,Hollywood 2024,1,2024,,,,,,,,https://thehollywoodchristmasparade.org/category/2024-marching-bands-dance-cheer-groups/,,,state unknown: source lists no location
Lyman High School,,,,,,Hollywood 2019,1,2019,,,,,,,,https://thehollywoodchristmasparade.org/category/2019-marching-band-and-pageantry/,,,state unknown: source lists no location
Mira Costa High School,Mira Costa High School Marching Band and Colorguard,,,,,Hollywood 2021,1,2021,,,,,,,,https://thehollywoodchristmasparade.org/category/2021-marching-band-and-pageantry/,,,state unknown: source lists no location
Northview High School,,,,,,Hollywood 2024,1,2024,,,,,,,,https://thehollywoodchristmasparade.org/category/2024-marching-bands-dance-cheer-groups/,,,state unknown: source lists no location
Northwest Guilford Marching Viking Band,Northwest Guilford Marching Viking Band,,,,,Hollywood 2018,1,2018,,,,,,,,https://thehollywoodchristmasparade.org/category/2018-marching-band-and-pageantry/,,,state unknown: source lists no location
Norwalk High School,,,,,,Hollywood 2022,1,2022,,,,,,,,https://thehollywoodchristmasparade.org/category/2022-marching-band-and-pageantry/,,,state unknown: source lists no location
Oak Park Marching Northmen,Oak Park Marching Northmen,,,,,Hollywood 2019,1,2019,,,,,,,,https://thehollywoodchristmasparade.org/category/2019-marching-band-and-pageantry/,,,state unknown: source lists no location
Origin Hip Hop Academy,The Origin Hip Hop Academy and sister School Hip Hop Dreamz,,,,,Hollywood 2023,1,2023,,,,,,,,https://thehollywoodchristmasparade.org/category/2023-marching-bands-pageantry-and-dance-groups/,,,state unknown: source lists no location
Pendleton Heights Marching Arabians,Pendleton Heights Marching Arabians,,,,,Hollywood 2019,1,2019,,,,,,,,https://thehollywoodchristmasparade.org/category/2019-marching-band-and-pageantry/,,,state unknown: source lists no location
Perez Dance and Tumbling Academy,,,,,,Hollywood 2025,1,2025,,,,,,,,https://thehollywoodchristmasparade.org/category/2025-marching-bands-dance-cheer-groups/,,,state unknown: source lists no location
Porterville Panther Band,Porterville Panther Band,,,,,Hollywood 2019,1,2019,,,,,,,,https://thehollywoodchristmasparade.org/category/2019-marching-band-and-pageantry/,,,state unknown: source lists no location
Salesians of Don Bosco High School,"Marching Band, Rosemead, Bellflower, Boyle Heights/Los Southern California",,,,,Rose 2025,1,2025,,,,,,,,https://en.wikipedia.org/wiki/Rose_Parade_marching_bands,,,state unknown: source lists no location
Segunda Unidad Macaná Marching Band,Segunda Unidad Macaná Marching Band,,,,,Hollywood 2026,1,2026,,,,,,,,https://thehollywoodchristmasparade.org/category/2026-marching-bands-dance-cheer-groups/,,,state unknown: source lists no location
Shawnee Mission West Band,Shawnee Mission West Band,,,,,Hollywood 2022,1,2022,,,,,,,,https://thehollywoodchristmasparade.org/category/2022-marching-band-and-pageantry/,,,state unknown: source lists no location
Sonata Music School,Sonata Music School Dhol Class,,,,,Hollywood 2026,1,2026,,,,,,,,https://thehollywoodchristmasparade.org/category/2026-marching-bands-dance-cheer-groups/,,,state unknown: source lists no location
South Paulding High School,The South Paulding High School Band,,,,,Hollywood 2023,1,2023,,,,,,,,https://thehollywoodchristmasparade.org/category/2023-marching-bands-pageantry-and-dance-groups/,,,state unknown: source lists no location
Summit High School,,,,,,Hollywood 2018,1,2018,,,,,,,,https://thehollywoodchristmasparade.org/category/2018-marching-band-and-pageantry/,,,state unknown: source lists no location
The Washington Union Marching Band of Fresno California,The Washington Union Marching Band of Fresno California,,,,,Hollywood 2025,1,2025,,,,,,,,https://thehollywoodchristmasparade.org/category/2025-marching-bands-dance-cheer-groups/,,,state unknown: source lists no location
Van Nuys High School,Van Nuys High School Cheer,,,,,Hollywood 2025,1,2025,,,,,,,,https://thehollywoodchristmasparade.org/category/2025-marching-bands-dance-cheer-groups/,,,state unknown: source lists no location
Westlake High School,Chaparral Band,,,,,Rose 2024,1,2024,,,,,,,,https://en.wikipedia.org/wiki/Rose_Parade_marching_bands,,,state unknown: source lists no location
Brooks High School,Brooks High School Marching Band,Killen,AL,,,Philadelphia 2016,1,2016,,,,,,,,https://en.wikipedia.org/wiki/6abc_Dunkin%27_Thanksgiving_Day_Parade,,,
Guntersville High School,Guntersville High School Crimson Guard,Guntersville,AL,,,Philadelphia 2019,1,2019,,,,,,,,https://en.wikipedia.org/wiki/6abc_Dunkin%27_Thanksgiving_Day_Parade,,,
Huntsville High School,Huntsville High School Crimson Panther Marching Band,Huntsville,AL,,,Philadelphia 2016,1,2016,,,,,,,,https://en.wikipedia.org/wiki/6abc_Dunkin%27_Thanksgiving_Day_Parade,,,
Mary G. Montgomery High School,Mary G. Montgomery High School Band,Semmes,AL,,,Philadelphia 2019,1,2019,,,,,,,,https://en.wikipedia.org/wiki/6abc_Dunkin%27_Thanksgiving_Day_Parade,,,
Oneonta High School,Oneonta High School Band,Oneonta,AL,,,Philadelphia 2015,1,2015,,,,,,,,https://en.wikipedia.org/wiki/6abc_Dunkin%27_Thanksgiving_Day_Parade,,,
Smiths Station High School,Smiths Station High School Panther Spirit Band,Smith Station,AL,,,Philadelphia 2015,1,2015,,,,,,,,https://en.wikipedia.org/wiki/6abc_Dunkin%27_Thanksgiving_Day_Parade,,,
Catalina Foothills High School,Marching Band Falcon Marching Band,Tucson,AZ,,,Rose 2023,1,2023,,,,,,,,https://en.wikipedia.org/wiki/Rose_Parade_marching_bands,,,
Alhambra Unified School,District High School Band,Alhambra,CA,,,Rose 2020,1,2020,,,,,,,,https://en.wikipedia.org/wiki/Rose_Parade_marching_bands,,,
Ayala High School,,,CA,,,BOA Grand National Finalist 2019,1,2019,2019,,,,,,,https://marching.musicforall.org/result/grand-national-championships/,,,
Clovis High School,The  Marching Band,Clovis,CA,,,Rose 2027,1,2027,,,,,,,,https://en.wikipedia.org/wiki/Rose_Parade_marching_bands,,,
Cypress High School,"Marching Band, Centurion Imperial Brigade",Cypress,CA,,,Rose 2015,1,2015,,,,,,,,https://en.wikipedia.org/wiki/Rose_Parade_marching_bands,,,
Etiwanda High School,,Rancho Cucamonga,CA,,,Rose 2016,1,2016,,,,,,,,https://en.wikipedia.org/wiki/Rose_Parade_marching_bands,,,
Glendora High School,Tartan Band and Pageantry,Glendora,CA,,,Rose 2026,1,2026,,,,,,,,https://en.wikipedia.org/wiki/Rose_Parade_marching_bands,,,
Henry J. Kaiser High School,Kaiser Catamount Pride Band & Color Guard,Fontana,CA,,,Rose 2019,1,2019,,,,,,,,https://en.wikipedia.org/wiki/Rose_Parade_marching_bands,,,
Saratoga High School,Marching Band and Color Guard,Saratoga,CA,,,Rose 2016,1,2016,,,,,,,,https://en.wikipedia.org/wiki/Rose_Parade_marching_bands,,,
Temple City High School,"Marching Band, The Pride of",Temple City,CA,,,Rose 2015,1,2015,,,,,,,,https://en.wikipedia.org/wiki/Rose_Parade_marching_bands,,,
Air Academy,Air Academy High School Marching Band,USAF Academy,CO,,,Rose 2018,1,2018,,,,,,,,https://en.wikipedia.org/wiki/Rose_Parade_marching_bands,,,
Legacy High School,Lightning Marching Band,Broomfield,CO,,,Rose 2015,1,2015,,,,,,,,https://en.wikipedia.org/wiki/Rose_Parade_marching_bands,,,
Brien McMahon High School,Brien McMahon High School Band,Norwalk,CT,,,Philadelphia 2018,1,2018,,,,,,,,https://en.wikipedia.org/wiki/6abc_Dunkin%27_Thanksgiving_Day_Parade,,,
A.I. Dupont Tiger Marching Band,,Greenville,DE,,,Philadelphia 2015,1,2015,,,,,,,,https://en.wikipedia.org/wiki/6abc_Dunkin%27_Thanksgiving_Day_Parade,,,
Bellefontaine High School,Bellefontaine High School Band,,DE,,,Philadelphia 2018,1,2018,,,,,,,,https://en.wikipedia.org/wiki/6abc_Dunkin%27_Thanksgiving_Day_Parade,,,
Defiance High School,Defiance High School Band,,DE,,,Philadelphia 2018,1,2018,,,,,,,,https://en.wikipedia.org/wiki/6abc_Dunkin%27_Thanksgiving_Day_Parade,,,
Braden River High School,Braden River High School Band,Bradenton,FL,,,Philadelphia 2018,1,2018,,,,,,,,https://en.wikipedia.org/wiki/6abc_Dunkin%27_Thanksgiving_Day_Parade,,,
Crestview High School,Crestview High School Band,Crestview,FL,,,Philadelphia 2018,1,2018,,,,,,,,https://en.wikipedia.org/wiki/6abc_Dunkin%27_Thanksgiving_Day_Parade,,,
Gulf Coast High School,Gulf Coast High School Marching Sharks,Naples,FL,,,Philadelphia 2019,1,2019,,,,,,,,https://en.wikipedia.org/wiki/6abc_Dunkin%27_Thanksgiving_Day_Parade,,,
Seminole High School,Warhawk Marching Band,Seminole,FL,,,Rose 2025,1,2025,,,,,,,,https://en.wikipedia.org/wiki/Rose_Parade_marching_bands,,,
Bainbridge High School,Bainbridge High School Marching Band,Bainbridge,GA,,,Philadelphia 2019,1,2019,,,,,,,,https://en.wikipedia.org/wiki/6abc_Dunkin%27_Thanksgiving_Day_Parade,,,
Brookwood High School,Marching Band,Snellville,GA,,,Rose 2023,1,2023,,,,,,,,https://en.wikipedia.org/wiki/Rose_Parade_marching_bands,,,
Brunswick Marching Pirates,,Brunswick,GA,,,Philadelphia 2019,1,2019,,,,,,,,https://en.wikipedia.org/wiki/6abc_Dunkin%27_Thanksgiving_Day_Parade,,,
Colquitt County High School,Colquitt County High School Band,Norman Park,GA,,,Philadelphia 2019,1,2019,,,,,,,,https://en.wikipedia.org/wiki/6abc_Dunkin%27_Thanksgiving_Day_Parade,,,
Lassiter High School,The  Marching Trojan Band,Marietta,GA,,,Rose 2019,1,2019,,,,,,,,https://en.wikipedia.org/wiki/Rose_Parade_marching_bands,,,
Lowndes High Marching Band,,Valdosta,GA,,,Philadelphia 2018,1,2018,,,,,,,,https://en.wikipedia.org/wiki/6abc_Dunkin%27_Thanksgiving_Day_Parade,,,
Pickens and Fannin Count High School,The Pickens and Fannin Count High School Band,Jasper and Blue Ridge,GA,,,Philadelphia 2016,1,2016,,,,,,,,https://en.wikipedia.org/wiki/6abc_Dunkin%27_Thanksgiving_Day_Parade,,,
Rome High School,Rome High School Marching Band,Rome,GA,,,Philadelphia 2016,1,2016,,,,,,,,https://en.wikipedia.org/wiki/6abc_Dunkin%27_Thanksgiving_Day_Parade,,,
Walton High School,Marching Raider Band,Marietta,GA,,,Rose 2015,1,2015,,,,,,,,https://en.wikipedia.org/wiki/Rose_Parade_marching_bands,,,
Wayne County High School,Wayne County High School Marching Band,Jesup,GA,,,Philadelphia 2016,1,2016,,,,,,,,https://en.wikipedia.org/wiki/6abc_Dunkin%27_Thanksgiving_Day_Parade,,,
Woodland High School,Woodland High School Marching Band,Stockbridge,GA,,,Philadelphia 2016,1,2016,,,,,,,,https://en.wikipedia.org/wiki/6abc_Dunkin%27_Thanksgiving_Day_Parade,,,
Kamehameha Schools Kapalama Warrior Marching Band & Color Guard,,Honolulu,HI,,,Rose 2020,1,2020,,,,,,,,https://en.wikipedia.org/wiki/Rose_Parade_marching_bands,,,
Maui High School,"'s ""Saber"" Marching Band and Color Guard",Kahului,HI,,,Rose 2015,1,2015,,,,,,,,https://en.wikipedia.org/wiki/Rose_Parade_marching_bands,,,
Pearl City High School,Pearl City High School Marching Band,Pearl City,HI,,,Philadelphia 2018,1,2018,,,,,,,,https://en.wikipedia.org/wiki/6abc_Dunkin%27_Thanksgiving_Day_Parade,,,
Punahou School,Punahou Marching Band,Honolulu,HI,,,Rose 2016,1,2016,,,,,,,,https://en.wikipedia.org/wiki/Rose_Parade_marching_bands,,,
Pella Community School,District 's Pella Marching Dutch Band,Pella,IA,,,Rose 2023,1,2023,,,,,,,,https://en.wikipedia.org/wiki/Rose_Parade_marching_bands,,,
The Waukee Warrior Regiment,,Waukee,IA,,,Rose 2022,1,2022,,,,,,,,https://en.wikipedia.org/wiki/Rose_Parade_marching_bands,,,
Alan B. Shepard Marching Band,,Palos Heights,IL,,,Philadelphia 2015,1,2015,,,,,,,,https://en.wikipedia.org/wiki/6abc_Dunkin%27_Thanksgiving_Day_Parade,,,
Bedford North Lawrence Marching Stars,,Bedford,IN,,,Philadelphia 2018,1,2018,,,,,,,,https://en.wikipedia.org/wiki/6abc_Dunkin%27_Thanksgiving_Day_Parade,,,
Bloomington North High School,Bloomington North High School Band,Bloomington,IN,,,Philadelphia 2018,1,2018,,,,,,,,https://en.wikipedia.org/wiki/6abc_Dunkin%27_Thanksgiving_Day_Parade,,,
Jasper High School,Jasper High School Band,Jasper,IN,,,Philadelphia 2022,1,2022,,,,,,,,https://en.wikipedia.org/wiki/6abc_Dunkin%27_Thanksgiving_Day_Parade,,,
John H. Castle High School,Marching Knights,Newburgh,IN,,,Rose 2024,1,2024,,,,,,,,https://en.wikipedia.org/wiki/Rose_Parade_marching_bands,,,
Lafayette Jefferson High School,Lafayette Jefferson High School Band,Lafayette,IN,,,Philadelphia 2018,1,2018,,,,,,,,https://en.wikipedia.org/wiki/6abc_Dunkin%27_Thanksgiving_Day_Parade,,,
Laporte High School,Laporte High School Marching Band,Laporte,IN,,,Philadelphia 2015,1,2015,,,,,,,,https://en.wikipedia.org/wiki/6abc_Dunkin%27_Thanksgiving_Day_Parade,,,
Marching Pride of Lawrence Township,,Indianapolis,IN,,,Rose 2017,1,2017,,,,,,,,https://en.wikipedia.org/wiki/Rose_Parade_marching_bands,,,
Mount Vernon High School,Mount Vernon High School Marching Band,,IN,,,Philadelphia 2022,1,2022,,,,,,,,https://en.wikipedia.org/wiki/6abc_Dunkin%27_Thanksgiving_Day_Parade,,,
NorthWood High School,NorthWood High School Red Regiment,Nappanee,IN,,,Philadelphia 2016,1,2016,,,,,,,,https://en.wikipedia.org/wiki/6abc_Dunkin%27_Thanksgiving_Day_Parade,,,
Pendleton Heights High School,Pendleton Heights High School Marching Band,Pendleton,IN,,,Philadelphia 2015,1,2015,,,,,,,,https://en.wikipedia.org/wiki/6abc_Dunkin%27_Thanksgiving_Day_Parade,,,
Pride of Portage Marching Band,,Portage,IN,,,Philadelphia 2019,1,2019,,,,,,,,https://en.wikipedia.org/wiki/6abc_Dunkin%27_Thanksgiving_Day_Parade,,,
Twin Lakes High School,Spirit of Twin Lakes High School Band,Monticello,IN,,,Philadelphia 2019,1,2019,,,,,,,,https://en.wikipedia.org/wiki/6abc_Dunkin%27_Thanksgiving_Day_Parade,,,
Whiteland Community High School,Whiteland Community High School Band,Whiteland,IN,,,Philadelphia 2022,1,2022,,,,,,,,https://en.wikipedia.org/wiki/6abc_Dunkin%27_Thanksgiving_Day_Parade,,,
Winchester Community High School,Winchester Community High School Band,Winchester,IN,,,Philadelphia 2016,1,2016,,,,,,,,https://en.wikipedia.org/wiki/6abc_Dunkin%27_Thanksgiving_Day_Parade,,,
Louisburg High School,Marching Wildcat Band,Louisburg,KS,,,Rose 2018,1,2018,,,,,,,,https://en.wikipedia.org/wiki/Rose_Parade_marching_bands,,,
Jacket Pride Marching Band,,Denham Springs,LA,,,Philadelphia 2019,1,2019,,,,,,,,https://en.wikipedia.org/wiki/6abc_Dunkin%27_Thanksgiving_Day_Parade,,,
Plymouth-Canton Educational Park Marching Band,,Canton,MI,,,Rose 2016,1,2016,,,,,,,,https://en.wikipedia.org/wiki/Rose_Parade_marching_bands,,,
Rockford High School,Marching Band,Rockford,MI,,,Rose 2023,1,2023,,,,,,,,https://en.wikipedia.org/wiki/Rose_Parade_marching_bands,,,
Lindbergh High School,Spirit of Saint Louis Marching Band,St. Louis,MO,,,Rose 2018,1,2018,,,,,,,,https://en.wikipedia.org/wiki/Rose_Parade_marching_bands,,,
Biloxi High School,Biloxi High School Band,Biloxi,MS,,,Philadelphia 2018,1,2018,,,,,,,,https://en.wikipedia.org/wiki/6abc_Dunkin%27_Thanksgiving_Day_Parade,,,
West Harrison High School,"Hurricane Band, The Pride of South Mississippi",Gulfport,MS,,,Rose 2020,1,2020,,,,,,,,https://en.wikipedia.org/wiki/Rose_Parade_marching_bands,,,
Londonderry High School,Marching Lancer Band,Londonderry,NH,,,Rose 2018,1,2018,,,,,,,,https://en.wikipedia.org/wiki/Rose_Parade_marching_bands,,,
Clearview Regional High School,Clearview Regional High School Band,Gloucester County,NJ,,,Philadelphia 2022,1,2022,,,,,,,,https://en.wikipedia.org/wiki/6abc_Dunkin%27_Thanksgiving_Day_Parade,,,
Dwight Morrow High School,Dwight Morrow High School Marching Band,Englewood,NJ,,,Philadelphia 2016,1,2016,,,,,,,,https://en.wikipedia.org/wiki/6abc_Dunkin%27_Thanksgiving_Day_Parade,,,
Jackson Memorial Jaguar Band,,Jackson,NJ,,,Philadelphia 2015,1,2015,,,,,,,,https://en.wikipedia.org/wiki/6abc_Dunkin%27_Thanksgiving_Day_Parade,,,
Kingsway Regional High School,Kingsway Regional High School Band,Gloucester County,NJ,,,Philadelphia 2022,1,2022,,,,,,,,https://en.wikipedia.org/wiki/6abc_Dunkin%27_Thanksgiving_Day_Parade,,,
Kingsway Regional Marching Band,,Gloucester County,NJ,,,Philadelphia 2019,1,2019,,,,,,,,https://en.wikipedia.org/wiki/6abc_Dunkin%27_Thanksgiving_Day_Parade,,,
Lenape Regional High School,Lenape Regional High School Band,Burlington County,NJ,,,Philadelphia 2018,1,2018,,,,,,,,https://en.wikipedia.org/wiki/6abc_Dunkin%27_Thanksgiving_Day_Parade,,,
Foothill High School,,Henderson,NV,,,Rose 2017,1,2017,,,,,,,,https://en.wikipedia.org/wiki/Rose_Parade_marching_bands,,,
Baldwinsville Central School,District Marching Bees,Baldwinsville,NY,,,Rose 2020,1,2020,,,,,,,,https://en.wikipedia.org/wiki/Rose_Parade_marching_bands,,,
Anthony Wayne High School,Anthony Wayne High School Marching Generals,Whitehouse,OH,,,Philadelphia 2016,1,2016,,,,,,,,https://en.wikipedia.org/wiki/6abc_Dunkin%27_Thanksgiving_Day_Parade,,,
Dublin Coffman Band,,Dublin,OH,,,Philadelphia 2018,1,2018,,,,,,,,https://en.wikipedia.org/wiki/6abc_Dunkin%27_Thanksgiving_Day_Parade,,,
Dublin Jerome High School,Dublin Jerome High School Band,Dublin,OH,,,Philadelphia 2018,1,2018,,,,,,,,https://en.wikipedia.org/wiki/6abc_Dunkin%27_Thanksgiving_Day_Parade,,,
Dublin Scioto Irish Band,,Dublin,OH,,,Philadelphia 2018,1,2018,,,,,,,,https://en.wikipedia.org/wiki/6abc_Dunkin%27_Thanksgiving_Day_Parade,,,
Grove City High School,,Grove City High School,OH,,,Rose 2017,1,2017,,,,,,,,https://en.wikipedia.org/wiki/Rose_Parade_marching_bands,,,
Jackson High School,Jackson High School Marching Band,,OH,,,Philadelphia 2019,1,2019,,,,,,,,https://en.wikipedia.org/wiki/6abc_Dunkin%27_Thanksgiving_Day_Parade,,,
Jonathan Adler High School,Jonathan Adler High School Marching Band,Plain City,OH,,,Philadelphia 2016,1,2016,,,,,,,,https://en.wikipedia.org/wiki/6abc_Dunkin%27_Thanksgiving_Day_Parade,,,
Lakota West High School,Marching Firebirds,Butler County,OH,,,Rose 2015,1,2015,,,,,,,,https://en.wikipedia.org/wiki/Rose_Parade_marching_bands,,,
"Pickerington Marching Bands, Pickerington High School",North and Pickerington High School Central,Pickerington,OH,,,Rose 2019,1,2019,,,,,,,,https://en.wikipedia.org/wiki/Rose_Parade_marching_bands,,,
Reynoldsburg Raider Marching Band,,Reynoldsburg,OH,,,Philadelphia 2022,1,2022,,,,,,,,https://en.wikipedia.org/wiki/6abc_Dunkin%27_Thanksgiving_Day_Parade,,,
The Pride of Owasso,,Owasso,OK,,,Rose 2020,1,2020,,,,,,,,https://en.wikipedia.org/wiki/Rose_Parade_marching_bands,,,
Union High School,,,OK,,,BOA Grand National Finalist 2019,1,2019,2019,,,,,,,https://marching.musicforall.org/result/grand-national-championships/,,,
Downingtown High School,Blue and Gold Marching Band,Downingtown,PA,,,Rose 2022,1,2022,,,,,,,,https://en.wikipedia.org/wiki/Rose_Parade_marching_bands,,,
Franklin Regional High School,Panther Band,Murrysville,PA,,,Rose 2016,1,2016,,,,,,,,https://en.wikipedia.org/wiki/Rose_Parade_marching_bands,,,
Freedom Patriot Band,,Bethlehem,PA,,,Philadelphia 2019,1,2019,,,,,,,,https://en.wikipedia.org/wiki/6abc_Dunkin%27_Thanksgiving_Day_Parade,,,
Parkland High School,Parkland High School Band,Allentown,PA,,,Philadelphia 2022,1,2022,,,,,,,,https://en.wikipedia.org/wiki/6abc_Dunkin%27_Thanksgiving_Day_Parade,,,
Pocono Mountain East High School,Pocono Mountain East High School Band,Swiftwater,PA,,,Philadelphia 2022,1,2022,,,,,,,,https://en.wikipedia.org/wiki/6abc_Dunkin%27_Thanksgiving_Day_Parade,,,
Banda Escolar de Guayanilla Puerto Rico,,Guayanilla,PR,,,Rose 2019,1,2019,,,,,,,,https://en.wikipedia.org/wiki/Rose_Parade_marching_bands,,,
Clover High School,Marching Band,Clover,SC,,,Rose 2026,1,2026,,,,,,,,https://en.wikipedia.org/wiki/Rose_Parade_marching_bands,,,
North Augusta High School,North Augusta High School Jacket Regiment,North Augusta,SC,,,Philadelphia 2016,1,2016,,,,,,,,https://en.wikipedia.org/wiki/6abc_Dunkin%27_Thanksgiving_Day_Parade,,,
White Knoll High School,White Knoll High School Band,Lexington,SC,,,Philadelphia 2019,1,2019,,,,,,,,https://en.wikipedia.org/wiki/6abc_Dunkin%27_Thanksgiving_Day_Parade,,,
Franklin High School,Marching Band,Franklin,TN,,,Rose 2026,1,2026,,,,,,,,https://en.wikipedia.org/wiki/Rose_Parade_marching_bands,,,
Munford High School,Band,Munford,TN,,,Rose 2019,1,2019,,,,,,,,https://en.wikipedia.org/wiki/Rose_Parade_marching_bands,,,
Ooltewah High School,,Ooltewah High School,TN,,,Rose 2017,1,2017,,,,,,,,https://en.wikipedia.org/wiki/Rose_Parade_marching_bands,,,
Bridgeland High School,,,TX,,,BOA Grand National Finalist 2024,1,2024,2024,,,,,,,https://marching.musicforall.org/result/grand-national-championships-2024/,,,
Cedar Park High School,,,TX,,,BOA Grand National Finalist 2024,1,2024,2024,,,,,,,https://marching.musicforall.org/result/grand-national-championships-2024/,,,
Dripping Springs High School,,,TX,,,BOA Grand National Finalist 2025,1,2025,2025,,,,,,,https://marching.musicforall.org/result/grand-national-championships-2025/,,,
Keller High School,,,TX,,,BOA Grand National Finalist 2023,1,2023,2023,,,,,,,https://marching.musicforall.org/result/grand-national-championships-2023/,,,
Klein Forest Golden Eagle Marching Band,Klein Forest Golden Eagle Marching Band,Houston,TX,,,H-E-B Houston 2025,1,2025,,,,,,,,https://www.houstontx.gov/thanksgivingparade/2025performers.html,,,
Milby High School,Marching Thunder,Houston,TX,,,H-E-B Houston 2025,1,2025,,,,,,,,https://www.houstontx.gov/thanksgivingparade/2025performers.html,,,
Pearland High School,,,TX,,,BOA Grand National Finalist 2023,1,2023,2023,,,,,,,https://marching.musicforall.org/result/grand-national-championships-2023/,,,
Pebble Hills High School,Spartan Marching Band,El Paso,TX,,,Rose 2025,1,2025,,,,,,,,https://en.wikipedia.org/wiki/Rose_Parade_marching_bands,,,
Robert E. Hendrickson High School,,,TX,,,BOA Grand National Finalist 2022,1,2022,2022,,,,,,,https://marching.musicforall.org/result/grandnationals22/,,,
Robert E. Lee High School,Mighty Rebel Band,Midland,TX,,,Rose 2015,1,2015,,,,,,,,https://en.wikipedia.org/wiki/Rose_Parade_marching_bands,,,
Southlake Carroll High School,,,TX,,,BOA Grand National Finalist 2022,1,2022,2022,,,,,,,https://marching.musicforall.org/result/grandnationals22/,,,
Stephen F. Austin Sonic Boom Marching Band,Stephen F. Austin Sonic Boom Marching Band,Houston,TX,,,H-E-B Houston 2025,1,2025,,,,,,,,https://www.houstontx.gov/thanksgivingparade/2025performers.html,,,
Stratford High School,Spartan Band,Houston,TX,,,H-E-B Houston 2025,1,2025,,,,,,,,https://www.houstontx.gov/thanksgivingparade/2025performers.html,,,
The Pride of Pearland Marching Band,,Pearland,TX,,,Rose 2020,1,2020,,,,,,,,https://en.wikipedia.org/wiki/Rose_Parade_marching_bands,,,
Timber Creek High School,,Fort Worth,TX,,,Rose 2027,1,2027,,,,,,,,https://en.wikipedia.org/wiki/Rose_Parade_marching_bands,,,
Vandegrift High School,,,TX,,,BOA Grand National Finalist 2019,1,2019,2019,,,,,,,https://marching.musicforall.org/result/grand-national-championships/,,,
Waltrip High School,Ram Band,Houston,TX,,,H-E-B Houston 2025,1,2025,,,,,,,,https://www.houstontx.gov/thanksgivingparade/2025performers.html,,,
Westbury High School,,Houston,TX,,,H-E-B Houston 2025,1,2025,,,,,,,,https://www.houstontx.gov/thanksgivingparade/2025performers.html,,,
Westlake High School,,Austin,TX,,,Rose 2017,1,2017,,,,,,,,https://en.wikipedia.org/wiki/Rose_Parade_marching_bands,,,
American Fork High School,,,UT,,,BOA Grand National Finalist 2024,1,2024,2024,,,,,,,https://marching.musicforall.org/result/grand-national-championships-2024/,,,
Westlake High School,Marching Thunder,Saratoga Springs,UT,,,Rose 2018,1,2018,,,,,,,,https://en.wikipedia.org/wiki/Rose_Parade_marching_bands,,,
Salem High School,Salem High School Marching Band,,VA,,,Philadelphia 2022,1,2022,,,,,,,,https://en.wikipedia.org/wiki/6abc_Dunkin%27_Thanksgiving_Day_Parade,,,
Mercer Island High School,Marching Band,Mercer Island,WA,,,Rose 2019,1,2019,,,,,,,,https://en.wikipedia.org/wiki/Rose_Parade_marching_bands,,,
Muskego High School,Muskego High School Marching Band,Muskego,WI,,,Philadelphia 2018,1,2018,,,,,,,,https://en.wikipedia.org/wiki/6abc_Dunkin%27_Thanksgiving_Day_Parade,,,
Northwoods Marching Band,,Eagle River,WI,,,Rose 2023,1,2023,,,,,,,,https://en.wikipedia.org/wiki/Rose_Parade_marching_bands,,,
Morgantown High School,Morgantown High School Marching Band,Morgantown,WV,,,Philadelphia 2019,1,2019,,,,,,,,https://en.wikipedia.org/wiki/6abc_Dunkin%27_Thanksgiving_Day_Parade,,,
